article_id,title,abstract_ar,authors,authors_en,general_field,publish_date,page1,page2,source,path,keywords
1010,اتجاه نحو التعليم الالكتروني وعلاقته بفاعليه الذات الاكاديميه والتفاعل الاجتماعي,هدف البحث الحالي الي التعرف علي العلاقه بين الاتجاه نحو التعليم الالكتروني وفاعليه الذات الاكاديميه والتفاعل الاجتماعي لدي طلبه الجامعه . والتحقق من امكانيه التنبؤ بالاتجاه نحو التعليم الالكتروني لدا طلبه الجامعه من خلال كل من (فاعليه الذات الاكاديميه والتفاعل الاجتماعي .والكشف عن الفروق في الاتجاه نحو التعليم الالكتروني وفقا للنوع (ذكور - اناث) والتخصص الاكاديمي(ادبي- علمي) لدي طلبه الجامعه. وشارك في البحث (300) طالب وطالبه (150طالب و150 طالبه) بكليات جامعه الازهرء بكليه اصول الدين بالقاهرهء وكليه البندسه للبنين alah وكليه الدراسات الانسانيه بنات بالقاهره .وكليه الصيدله بنات بالقاهره col tig اعمارهم ما بين (22-20)عاما . وذلك بالعام الجامعي 2021/2020م . وتكونت ادوات البحث من مقياس الاتجاه نحو التعليم الالكتروني (اعداد الباحثه) . ومقياس فاعليه الذات الاكاديميه (اعداد الباحثه). ومقياس التفاعل الاجتماعي (اعداد الباحثه).. واسفرت النتائج عن وجود علاقه ذات دلاله احصائيه بين الاتجاه نحو التعليم الالكتروني وكل من (فاعليه الذات الاكاديميه -التفاعل الاجتماعي )كما امكن التنبؤ بالاتجاه نحو التعليم الالكتروني لدا طلبه الجامعه من خلال كل من (فاعليه الذات الاكاديميه والتفاعل الاجتماعي). ولا توجد فروق في الاتجاه نحو التعليم الالكتروني وابعاده وفقا للنوع (ذكور -اناث) والتخصص الاكاديمي (ادبي -علمي).وتمت مناقشه نتائج البحث وتقديم بعض التوصيات والبحوث المقترحه.,['عائشه عبدالفتاح ابراهيم فرج'],,Art,2021-01-01,"الاتجاه نحو التعليم الالكتروني وعلاقته بفاعليه الذات
الاكاديميه والتفاعل الاجتماعي
لذدا طلبيه الجامعهه
اعداد
د/ عائشه عبدالفتاح ابراهيم فرج
مدرس علم النفس بكليه الدراسات الانسانيه -القاهره","الاتجاه ce Ge جا الذات الاكاديميه د/ عائشه عبدالفتاح ابراهيم فرج
الاتجاه نحو التعليم الالكتروني وعلاقته بفاعليه الذات الاكاديميه والتفاعل
عائشه عبدالفتاح ابراهيم فرج
قسم علم النفس. كليه الدراسات الانسانيه. جامعه الازهر بالقاهره
البريد الالكتروني faragaisha0@gmail.com: 
هدف البحث الحالي الي التعرف علي العلاقه بين الاتجاه نحو التعليم الالكتروني وفاعليه الذات
الاكاديميه والتفاعل الاجتماعي لدي طلبه الجامعه . والتحقق من امكانيه التنبؤ بالاتجاه نحو
التعليم الالكتروني لدا طلبه الجامعه من خلال كل من (فاعليه الذات الاكاديميه والتفاعل
الاجتماعي .والكشف عن الفروق في الاتجاه نحو التعليم الالكتروني وفقا للنوع (ذكور - اناث)
والتخصص الاكاديمي(ادبي- علمي) لدي طلبه الجامعه. وشارك في البحث (300) طالب وطالبه
(150طالب و150 طالبه) بكليات جامعه الازهرء بكليه اصول الدين بالقاهرهء وكليه البندسه
للبنين alah وكليه الدراسات الانسانيه بنات بالقاهره .وكليه الصيدله بنات بالقاهره
col tig اعمارهم ما بين (22-20)عاما . وذلك بالعام الجامعي 2021/2020م . وتكونت ادوات
البحث من مقياس الاتجاه نحو التعليم الالكتروني (اعداد الباحثه) . ومقياس فاعليه الذات
الاكاديميه (اعداد الباحثه). ومقياس التفاعل الاجتماعي (اعداد الباحثه).. واسفرت النتائج عن
وجود علاقه ذات دلاله احصائيه بين الاتجاه نحو التعليم الالكتروني وكل من (فاعليه الذات
الاكاديميه -التفاعل الاجتماعي )كما امكن التنبؤ بالاتجاه نحو التعليم الالكتروني لدا طلبه
الجامعه من خلال كل من (فاعليه الذات الاكاديميه والتفاعل الاجتماعي). ولا توجد فروق في
الاتجاه نحو التعليم الالكتروني وابعاده وفقا للنوع (ذكور -اناث) والتخصص الاكاديمي (ادبي -
علمي).وتمت مناقشه نتائج البحث وتقديم بعض التوصيات والبحوث المقترحه.
الكلمات المفتاحيه : الاتجاه نحو التعليم الالكترونيء فاعليه الذات الاكاديميه. التفاعل
الاجتماعي. طلبه الجامعه.",ARPD,finalpdfs/72.pdf,"['الاتجاه نحو التعليم الالكتروني', 'فاعليه الذات الاكاديميه', 'التفاعل الاجتماعي', 'طلبه الجامعه']"
1011,ظاهره التنمر الالكتروني بالجاصعه,هدفت الدراسه الحاليه الا الكشف عن انعكاسات ظاهره التنمر الالكتروني علا طلاب كليه التربيه النوعيه جامعه طنطاء وفي سبيل تحقيق ذلك تم استخدام المنيج الوصفي واداه الاستبانه Al اشتملت علا محورين هما؛ الممارسات الخاصه بالمتنمرين عب رالانترنت. وLT التنمر علا الطلاب. الذا تضمن بعدين ؛ اثار التنمر علا ضحايا التنمر من الطلاب . اثار التنمر علا الطلاب المتنمرين: وطبقت الاستبانه علا عينه عشوائيه طبقيقي من طلاب كليه التربيه النوعيه جامعه طنطا بلغ قوامها (541) عضوا بنسبه مئويه(20.92) من المجتمع الاصلي والبالغ(2586) طالبا وطالبه. وتوصلت الدراسه الا ان ابرز الممارسات الخاصه بالمتنمرين عبر الانترنت هي : ينتحل الطالب شخصيه صديق له واظهاره بصوره سيئه امام الاخرين. يسخر الطالب من هيئه وشكل احد الطلاب عبر مواقع التواصل الاجتماعيء يطلق الطالب بعض الاسماء التي تثير السخريه علا الاخرين عبر الانترنتء توجيه تهديدات لبعض الطلاب من خلال مواقع التواصل الاجتماعي. تسجيل الالفاظ الخادشه للطلاب وعرضها علا الانترنت. كما توصلت الدراسه الا ان ابرز GUT التنمر علا ضحايا التنمر من الطلاب هي: يشعر الطالب المتنمر عليه بالضيق والبؤس والارتباك . يشعر الطالب المتنمر عليه بالقلق وعدم OLA يضعف لدا الطالب المتنمر عليه التركهز والانتباه اثناء العمليه التعليميه. يواجه الطالب المتنمر عليه صعوبه في تكوين الصداقات داخل الجامعه وخارجها. يصبح الطالب المتنمر عليه عرضه للاستغلال. كما توصلت الدراسه الا ان ابرز اثار التنمر علا الطلاب المتنمرين هي: يواجه الطالب المتنمر قصور في الاستفاده من البرامج الجامعيه بالكليه. يحرم الطالب المتنمر ويطرد من الجامعه. يتورط الطالب المتنمر في اعمال اجراميه ومخالفه للقانون. يدخل الطالب المتنمر في Sle دائم مع الاخرين داخل الجامعه. لا يرا الطالب pith سوا نفسه وما يمكن ان يحصل dle كما توصلت الدراسه الا وجود فروق ذات Ys احصائيه حول اجمالي محوري الاستبانه (الاول: الممارسات الخاصه بالمتنمرين عبر الانترنت . الثاني: اثار التنمر الالكتروني علا طلاب الجامعه) . عند مستوا (0.05) ترجع لاختلاف متغهر النوع. وكانت جميع هذه الفروق لصالح الفئه الاعلا في المتوسط وهم الطالباتء كما توصلت الدراسه الا وجود فروق ذات دلاله احصائيه بين استجابات افراد العينه pack Lag الفرقه بالنسبه لاجمالي المحور الاول من الاستبانه. لصالح فئه طلاب الفرقه الرابعه. كما توجد فروق ذات دلاله احصائيه بين استجابات افراد العينه تبعا لمتغير الفرقه بالنسبه لاجمالي المحور الثاني من LM لصالح فئه طلاب الفرقه الرابعه.,['عبير فوزي عبدالفتاح العتصامي'],,Art,2000-01-01,"ظاهره التنمر الالكتروني بالجاصعه
دراسه ميدانيه بكليه التربيه النوعيه جامعه طنطا
اعداد
د/عبير فوزي عبدالفتاح العتصامي
مدرس اصول التربيه بقسم العلوم التربويه والنفسيه.","ظاهره التنمر الالكتروني بالجامعه وانعكاساتها علي طلابها دراسه
ميدانيه بكليه التربيه النوعيه جامعه طنطا
د/ عبير فوزي عبدالفتاح العصامي
ظاهره التنمر الالكتروني بالجامعه وانعكاساتها علي طلابها: دراسه ميدانيه
بكليه التربيه النوعيه جامعه طنطا
عبير فوزي عبدالفتاح العصامي
قسم العلوم Auge Zl والنفسيه. كليه التربيه النوعيه. جامعه طنطاء مصر.
البريد الالكتروني: abeerfawzy175 @gmail.com 
هدفت الدراسه الحاليه الا الكشف عن انعكاسات ظاهره التنمر الالكتروني علا
طلاب كليه التربيه النوعيه جامعه طنطاء وفي سبيل تحقيق ذلك تم استخدام المنيج الوصفي
واداه الاستبانه Al اشتملت علا محورين هما؛ الممارسات الخاصه بالمتنمرين عب رالانترنت. و
LT التنمر علا الطلاب. الذا تضمن بعدين ؛ اثار التنمر علا ضحايا التنمر من الطلاب . اثار
التنمر علا الطلاب المتنمرين: وطبقت الاستبانه علا عينه عشوائيه طبقيه من طلاب كليه
التربيه النوعيه جامعه طنطا بلغ قوامها (541) عضوا بنسبه مئويه(20.92) من المجتمع الاصلي
والبالغ(2586) طالبا وطالبه. وتوصلت الدراسه الا ان ابرز الممارسات الخاصه بالمتنمرين عبر
الانترنت هي : ينتحل الطالب شخصيه صديق له واظهاره بصوره سيئه امام الاخرين. يسخر
الطالب من هيئه وشكل احد الطلاب عبر مواقع التواصل الاجتماعيء يطلق الطالب بعض
الاسماء التي تثير السخريه علا الاخرين عبر الانترنتء توجيه تهديدات لبعض الطلاب من خلال
مواقع التواصل الاجتماعي. تسجيل الالفاظ الخادشه للطلاب وعرضها علا الانترنت. كما
توصلت الدراسه الا ان ابرز GUT التنمرعلا ضحايا التنمرمن الطلاب هي: يشعر الطالب
المتنمر عليه بالضيق والبؤس والارتباك . يشعر الطالب المتنمر عليه بالقلق وعدم OLA 
يضعف لدا الطالب المتنمر عليه التركهز والانتباه اثناء العمليه التعليميه. يواجه الطالب
المتنمر عليه صعوبه في تكوين الصداقات داخل الجامعه وخارجها. يصبح الطالب المتنمر عليه
ASI عرضه للاستغلال. كما توصلت الدراسه الا ان ابرز اثار التنمر علا الطلاب المتنمرين هي:
يواجه الطالب المتنمر قصور في الاستفاده من البرامج الجامعيه بالكليه. يحرم الطالب المتنمر
ويطرد من الجامعه. يتورط الطالب المتنمر في اعمال اجراميه ومخالفه للقانون. يدخل الطالب
المتنمر في Sle دائم مع الاخرين داخل الجامعه. لا يرا الطالب pith سوا نفسه وما يمكن
ان يحصل dle كما توصلت الدراسه الا وجود فروق ذات Ys احصائيه حول اجمالي
محوري الاستبانه (الاول: الممارسات الخاصه بالمتنمرين عبر الانترنت . الثاني: اثار التنمر
الالكتروني علا طلاب الجامعه) . عند مستوا (0.05) ترجع لاختلاف متغهر النوع. وكانت
جميع هذه الفروق لصالح الفئه الاعلا في المتوسط وهم الطالباتء كما توصلت الدراسه الا
وجود فروق ذات دلاله احصائيه بين استجابات افراد العينه pack Lag الفرقه بالنسبه
لاجمالي المحور الاول من الاستبانه. لصالح فئه طلاب الفرقه الرابعه. كما توجد فروق ذات
دلاله احصائيه بين استجابات افراد العينه تبعا لمتغير الفرقه بالنسبه لاجمالي المحور الثاني من
LM لصالح فئه طلاب الفرقه الرابعه.
الكلمات المفتاحيه: التنمر AUS So AY التربيه النوعيه. جامعه طنطاء
ا ا ال",ARPD,finalpdfs/73.pdf,"['التنمر', 'التربية النوعية', 'جامعه طنطا']"
1012,اثر استخدام تطبيقات بحوث العمل في التربيه المبدانيه علا تنميه المغارات الجغرافيه في التدريس لدا الطلاب المعلمين,"هدف البحث الا الكشف عن فاعليه استخدام تطبيقات بحوث العمل في التربيه الميدانيه لتنميه المهارات الجغرافيه في التدريس لدا الطلاب المعلمين. وتكونت مجموعه البحث من (30) طالباء واستخدم التصميم التجريبي الذي يعتمد علا مجموعه واحده بقياس قبلي وبعديء وتم اعداد قائمه بالمبارات الجغرافيه في التدريسء. واعداد دليل للمدرب ودليل للمشارك. ثم تم بناء اداتي البحث المتمثله في اختبار التحصيل المعرفي. وبطاقه ملااحظه الاداء.وطبقت علا مجموعه البحث LS ثم تم اجراء تطبيق البحث وتم التطبيق بعدياء وجاءت النتائج مؤكده علا وجود فروق داله احصائيا بين متوسط درجات الطلاب مجموعه البحث في التطبيق القبلي والبعدي Las التحصيل المعرفي وبطاقه ملااحظه الاداء عند مستوا دلاله (0.05) لصالح التطبيق البعديء, وجاءت نتائج حجم 5M 3 اختبار التحصيل المعرفي (0.92) وفي بطاقه ملاحظه الاداء (0.98). وهذا يؤكد فعاليه استخدام تطبيقات بحوث ort وكما Sele توصيات البحث تؤكد علا ضروره الاهتمام بتنميه المبارات الجغرافيه في التدريس SAT للطلاب المعلمين واستخدام بحوث العمل في التربيه الميدانيه.","['محمود فرغلي السيد يوسف', 'عبد الحفيظ محمد عبد الرحمن عيسا', 'علي محمد حسين سليمان']",,Art,2023-01-01,"اثر استخدام تطبيقات بحوث العمل في التربيه
المبدانيه علا تنميه المغارات الجغرافيه في
التدريس لدا الطلاب المعلمين
اعداد
A محمود فرغلي السيد يوسف
المدرس المساعد بقسم المناهج وطرق تدريس الجغرافيا
كليه التربيه بالقاهره-جامعه الازهر
ا.د/ عبد الحفيظ محمد عبد الرحمن عيسا
استاذ المناهج وطرق تدريس الجغرافيا كليه التربيه
بالقاهره -جامعه الازهر
ا.د/ علي محمد حسين سليمان
استاذ المناهج وطرق تدريس الجغرافيا كليه التربيه
بالقاهره- جامعه الازهر","we ni تطسقات 8 4 dla المسدائه ا. محمود فرغلي السيد يوسف
اثر استخدام . ات بحوث العمل في التربد الميدانيه علا ا.د عبد الحفيظ محمد عبد الرحمن عيس,
تنميه المهارات الجغرافيه في التدريس لدا الطلاب المعلمين
اثر استخدام تطبيقات بحوث العمل في التربيه الميدانيه علا تنميه
الممارات الجغرافيه في التدريس لدا الطلاب المعلمين
محمود فرغلي السيد يوس ف . عبد الحفيظ محمد عبد الرحمن uke علي محمد حسين
قسم المناهج وطرق تدريس الجغرافياء AUS التربيه Salah جامعه الازهر.
البريد الالكتروني للباحث الرئيس: mahmoudfarghly@azhar.edu.eg 
هدف البحث الا الكشف عن فاعليه استخدام تطبيقات بحوث العمل في التربيه
الميدانيه لتنميه المهارات الجغرافيه في التدريس لدا الطلاب المعلمين. وتكونت مجموعه البحث
من (30) طالباء واستخدم التصميم التجريبي الذي يعتمد علا مجموعه واحده بقياس قبلي
وبعديء وتم اعداد قائمه بالمبارات الجغرافيه في التدريسء. واعداد دليل للمدرب ودليل
للمشارك. ثم تم بناء اداتي البحث المتمثله في اختبار التحصيل المعرفي. وبطاقه ملااحظه الاداء.
وطبقت علا مجموعه البحث LS ثم تم اجراء تطبيق البحث وتم التطبيق بعدياء وجاءت
النتائج مؤكده علا وجود فروق داله احصائيا بين متوسط درجات الطلاب مجموعه البحث في
التطبيق القبلي والبعدي Las التحصيل المعرفي وبطاقه ملااحظه الاداء عند مستوا دلاله
)0.05( لصالح التطبيق البعديء, وجاءت نتائج حجم 5M 3 اختبار التحصيل المعرفي )0.92(
وفي بطاقه ملاحظه الاداء )0.98(. وهذا يؤكد فعاليه استخدام تطبيقات بحوث ort وكما
Sele توصيات البحث تؤكد علا ضروره الاهتمام بتنميه المبارات الجغرافيه في التدريس SAT 
الطلاب المعلمين واستخدام بحوث العمل في التربيه الميدانيه.
الكلمات المفتاحيه: بحوث العمل-التربيه الميدانيه-المبارات الجغرافيه.",ARPD,finalpdfs/74.pdf,"['بحوث العمل', 'التربيه الميدانيه', 'المبارات الجغرافيه']"
1013,متطلبات تعزيز الامن التربوي لدا طلاب الجامعات المصريه,استهدف البحث التعرف علا wal متطلبات تعزيز الامن التربوي لدا طلاب الجامعات المصريه من خلال الكشف عن مفهوم الامن التربوي. وابعاده. والاسس التي يقوم Lele واستخدم البحث gah ) الوصفي لتحقيق اهدافه. وتوصل الا مجموعه من المتطلبات اللازمه لتعزيز الامن التربوي لدا طلاب الجامعات المصريه كان من اهمها: بناء استراتيجيه تربويه تعمل علا تحقيق التوازن. وتحديد الاهداف ومواجهه المشكلات ومراعاه العوامل التي تؤثر علا النظام التعليمي في تحقيق الامن quill وبناء خريطه تربويه تعمل علا تقديم الاقتراحات التي تتعلق بشان العمليه التعليميه ومتطلباتهاء ووضع فلسفه واضحه للتربيه تتبنا الثقافه Alas yl وترسيخ العقيده الصحيحه في النفوس وبيان الافكار المنحرفه عنهاء وتنميه الرقابه الذاتيه لدا الافراد. واظهار القدوه. واعداد المناهج الدراسيه الملائمه لبناء الشخصيه المصريه. Ley يعمل علا تحقيق حاجات الشباب وتنميه سلوكياتهم في Lb اخلاق المجتمع. وضروره توفير مناخات تعليميه امنه. وتجنب المناخات الدفاعيه. las Allg سلوكيات غير امنه مثل سلوك المتعلم المتعالي والمتشدد Allg لا يمتلك صفات المعلم kl وفي الختام اوصا البحث بجمله من المقترحات التي يمكن دراستها.,"['سالم حسن علي هيكل', 'محمد شكري وزير عباس']",,Art,2023-01-01,"متطلبات تعزيز Sout all cpm El 
لدا طلاب الجامعات المصريه
مدرس مساعد بقسم اصول التربيه بكليه التربيه . بالدقهليه. جامعه الازهر
fa.) سالم حسن علي هيكل
استاذ اصول التربيه بكليه التربيه بالقاهره جامعه الازهر
5 مخصصد شكريا وزيسر عبساس
استاذ اصول التربيه بكليه التربيه والعميد الاسبق لكليه التربيه
بالدقهليه _ جامعه الازهر","متطلبات تعزيز الامن التربوي لدا طلاب الجامعات المصريه. / احمد صبري محمد يوسف
ا.د/ سالم حسن علي هيكل
ا.د/ محمد شكري وزير عباس
متطلبات تعزيز الامن التربوي لدا طلاب الجامعات المصريه
اقسم اصول التربيه بكليه التربيه . بالدقهليه. جامعه الازهر
البريد الالكتروني للباحث الرئيس: ahmed. hager827@azhar.edu.eg 
استهدف البحث التعرف علا wal متطلبات تعزيز الامن التربوي لدا طلاب الجامعات المصريهء
من خلال الكشف عن مفهوم الامن التربوي. وابعاده. والاسس التي يقوم Lele واستخدم
البحث gah ) الوصفي لتحقيق اهدافه. وتوصل الا مجموعه من المتطلبات اللازمه لتعزيز الامن
التربوي لدا طلاب الجامعات المصريه كان من اهمها: بناء استراتيجيه تربويه تعمل علا تحقيق
التوازن. وتحديد الاهداف ومواجهه المشكلات ومراعاه العوامل التي تؤثر علا النظام التعليمي
في تحقيق الامن quill وبناء خريطه تربويه تعمل علا تقديم الاقتراحات التي تتعلق بشان
العمليه التعليميه ومتطلباتهاء ووضع فلسفه واضحه للتربيه تتبنا الثقافه Alas yl وترسيخ
العقيده الصحيحه في النفوس وبيان الافكار المنحرفه عنهاء وتنميه الرقابه الذاتيه لدا الافراد.
واظهار القدوه. واعداد المناهج الدراسيه الملائمه لبناء الشخصيه المصريه. Ley يعمل علا
تحقيق حاجات الشباب وتنميه سلوكياتهم في Lb اخلاق المجتمع. وضروره توفير مناخات
تعليميه امنه. وتجنب المناخات الدفاعيه. las Allg سلوكيات غير امنه مثل سلوك المتعلم
المتعالي والمتشدد Allg لا يمتلك صفات المعلم kl وفي الختام اوصا البحث بجمله من
المقترحات التي يمكن دراستها.
الكلمات المفتاحيه: متطلباتء تعزيزء الامن التربوي. الجامعات المصريه.",ARPD,finalpdfs/75.pdf,"['متطلبات تعزيز الامن التربوي', 'الجامعات المصريه']"
1014,احتياجات التربويه للمسنين في ضوء بعض النظريات المجتمعيه,"هدف البحث الا التعرف علا اهم الاحتياجات التربويه للمسنينء والتعرف علا بعض النظريات المجتمعيه المفسره cad) واستخدم البحث المنبج الوصفي لتحقيق اهدافه. ومن ثم التوصل الا مجموعه من الاحتياجات التربويه ذات الارتباط الشديد بالمسنين. كان من اهمها: الاحتياجات الاجتماعية لتكوين علاقات اجتماعية سويه مع الافراد من اجل ان يعيش متوافقا مع محيطه بقيمه ونظمه ومؤسساته. والاحتياجات النفسية وخاصه من قبل المحيطين به من الابناء والاحفاد. فالمسن في حاجه الا الشعور بالاحساس بالنجاح وانه مازال قويا وقادرا علا انجاز الاعمالء والاحتياجات الصحيه سواء من قبل اسرهم او مؤسسات الرعايه الاجتماعية, والاحتياجات الاقتصاديه من خلال وضع نظم كفيله باشتراك المسنين في عمليات التنميه والاستفاده بخبراتهم في مجالات تخصصاتهم مع امكانيه bole تدريهم علا الاعمال التي تناسب امكانياتهم وقدراتهم الجسميه والعقليه. كذلك الاحتياجات الترويحيه عن طريق الاسهام في بعض الوان النشاط المحبب الهم والذا Go tar فيه عن مشاعرهم وييرزون فيه مواههم. والاحتياجات الثقافيه والمعلوماتيه بان تتاح لهم فرصه للاسهام في مسار التنميه والانتاج ما داموا قادرين علي العطاء واخيرا الاحتياجات الدينيه من خلال اعداد البرامج الدينيه او الفقبيه الضروريه والمهمه بالنسبه للمسنين. وختاما اوصا البحث بمجموعه من التوصيات والمقترحات التي تسهم في تلبيه تلك الاحتياجات وتوفيرها للمسنين.","['عطاالله سليمان العطفي', 'محمد المصيلحي محمد سالم', 'السيد محمد عبدالله خلف', 'محمد عبد المجيد احمد خليل', 'علي عمر فؤاد الكاشف', 'محمد ابراهيم عبده السيد']",,Art,2023-01-01,"الاحتياجات التربويه للمسنين
في ضوء بعض النظريات المجتمعيه
اعسداد
ا محمد عطاالله سليمان العطفي
المدرس المساعد بقسم اصول التربيه- جامعه الازهر بالدقهليه
ا.د/ محمد المصيلحي محمد سالم
استاذ اصول التربيه جامعه الازهر بالقاهره
ا.د/ السيد محمد عبدالله خلف
استاذ اصول التربيه - كليه التربيه جامعه الازهر بالد قهليه.","محمد عبد المجيد احمد خليل
ا.د/, علي عمر فؤاد الكاشف
ا.د/ محمد ابراهيم عبده السيد
متطلبات انشاء مركز للابتكار الاجتماعي بجامعه الازهر في ضوء ابعاد
التنميه المستدامه.
الاحتياجات التربويه للمسنين في ضوء بعض Gb ill المجتمعيه
AF
قسم اصول التربيه. AWS التربيه بالقاهره. جامعه الازهر
البريد الالكتروني للباحث الرئيس: taallhmhmd02@gmail.com 
هدف البحث الا التعرف علا اهم الاحتياجات التربويه للمسنينء والتعرف علا بعض النظريات
المجتمعيه المفسره cad) واستخدم البحث المنبج الوصفي لتحقيق اهدافه. ومن ثم التوصل الا
مجموعه من الاحتياجات التربويه ذات الارتباط الشديد بالمسنين. كان من اهمها: الاحتياجات
الاجتماعيه لتكوين علاقات اجتماعيه سويه مع الافراد من اجل ان يعيش متوافقا مع محيطه
بقيمه ونظمه ومؤسساته. والاحتياجات النفسيه وخاصه من قبل المحيطين به من الابناء
والاحفاد. فالمسن في حاجه الا الشعور بالاحساس بالنجاح وانه مازال قويا وقادرا علا انجاز
الاعمالء والاحتياجات الصحيه سواء من قبل اسرهم او مؤسسات الرعايه الاجتماعيه,
والاحتياجات الاقتصاديه من خلال وضع نظم كفيله باشتراك المسنين في عمليات التنميه
والاستفاده بخبراتهم في مجالات تخصصاتهم مع امكانيه bole تدريهم علا الاعمال التي تناسب
امكانياتهم وقدراتهم الجسميه والعقليه. كذلك الاحتياجات الترويحيه عن طريق الاسهام في
بعض الوان النشاط المحبب الهم والذا Go tar فيه عن مشاعرهم وييرزون فيه مواههم.
والاحتياجات الثقافيه والمعلوماتيه بان تتاح لهم فرصه للاسهام في مسار التنميه والانتاج ما
داموا قادرين علي العطاء واخيرا الاحتياجات الدينيه من خلال اعداد البرامج الدينيه او الفقبيه
الضروريه والمهمه بالنسبه للمسنين. وختاما اوصا البحث بمجموعه من التوصيات والمقترحات
التي تسهم في تلبيه تلك الاحتياجات وتوفيرها للمسنين.
الكلمات المفتاحيه: الاحتياجات التربويه. US السنء النظريات المجتمعيه.",ARPD,finalpdfs/76.pdf,"['احتياجات التربويه', 'السنء', 'النظريات المجتمعيه']"
1015,فاعليه وحده تعليميه مطوره في ضوء مجالات التنوع الثقافي لتنميه قيم التواصل الحضاري لطلاب الصف الثاني الثانوي,هدف البحث الحالي الا التعرف علا فاعليه وحده تعليميه مطوره في ضوء مجالات التنوع الثقافي لتنميه قيم التواصل الحضاري لدا طلاب الصف الثاني الثانوي. وتكونت عينه البحث من )64( طالب من طلاب الصف الثاني الثانوي بمعبد شبرا الخيمه الديني بمحافظه القاهره. وقد تم تقسيمهم الا مجموعتين احداهما تجريبيه. وعددها )31( طالب. درست وفقا للوحده التعليميه المطوره في ضوء مجالات التنوع الثقافي . والاخرا Alaris وعددها )33( طالب درست وفما piel التقليديء. وقد اعد الباحث ادوات بحث تمثلت في مقياس قيم التواصل الحضاريء. واسفرت نتائج البحث عن وجود فروق داله احصائيا عند مستوي (0.05) بين متوسطات درجات طلاب المجموعتين التجريبيه والضابطه في القياس البعدي لمقياس قيم التواصل الحضاري لصالح المجموعه التجريبيه. كما اسفرت النتائج عن وجود فروق داله احصائيا عند مستوي(0.05) بين متوسطات درجات القياسين القبلي coals لمقياس قيم التواصل الحضاري لدا طلاب المجموعه التجريبيه لصالح القياس cling gral علا ذلك اثبت البحث فاعليه الوحده التعليميه المطوره في ضوء مجالات التنوع الثقافي في تنميه قيم التواصل الحضاري لدا طلاب الصف الثاني الثانوي.,"['عبد الحميد محمد محمد ابراشيم', 'صبري ابراهيم عبد العال الجيزاوي']",,Art,2010-01-01,"فاعليه وحده تعليميه مطوره في ضوء مجالات التنوع
الثقاني لتنميه قيم التواصل الحضاري Gad 
طلاب الصف الثاني الثانوي
اعداد
ا عبد الحميد محمد محمد ابراشيم
المدرس المساعد بقسم المناهج وطرق التدريس
كليه التربيه بالقاهره - جامعه الازهر
استاذ المناهج وطرق التدريس. كليه التربيه. جامعه الازهر
ا.د/ صبري ابراهيم عبد العال الجيزاوي
استاذ المناهج وطرق التدريس. كليه التربيه- جامعه الازهر","عبدالحميد محمد محمد ابراهيم
فاعليه وحده تعليميه مطوره في ضوء مجالات التنوع الثقافي لتنميه ا.د/ يحي محمد لطفي نجم
قيم التواصل الحضاري col طلاب الصف الثاني الثانوي ا.د/ صبري ابراهيم عبدالعال الجيزاوي
التواصل الحضاري لدا طلاب الصف الثاني الثانوي
عبدالعال الجيزاوي
قسم المناهج وطرق التدريس. كليه التربيه. جامعه الازهر
البريد الالكتروني للباحث الرئيس: abdelhamid1440@gmail.com 
هدف البحث الحالي الا التعرف علا فاعليه وحده تعليميه مطوره في ضوء مجالات التنوع
الثقافي لتنميه قيم التواصل الحضاري لدا طلاب الصف الثاني الثانوي. وتكونت عينه
البحث من )64( طالب من طلاب الصف الثاني الثانوي بمعبد شبرا الخيمه الديني بمحافظه
القاهره. وقد تم تقسيمهم الا مجموعتين احداهما تجريبيه. وعددها )31( طالب. درست وفقا
للوحده التعليميه المطوره في ضوء مجالات التنوع الثقافي . والاخرا Alaris وعددها )33(
طالب درست وفما piel التقليديء. وقد اعد الباحث ادوات بحث تمثلت في مقياس قيم
التواصل الحضاريء. واسفرت نتائج البحث عن وجود فروق داله احصائيا عند مستوي (0.05)
بين متوسطات درجات طلاب المجموعتين التجريبيه والضابطه في القياس البعدي لمقياس قيم
التواصل الحضاري لصالح المجموعه التجريبيه. كما اسفرت النتائج عن وجود فروق داله
احصائيا عند مستوي(0.05) بين متوسطات درجات القياسين القبلي coals لمقياس قيم
التواصل الحضاري لدا طلاب المجموعه التجريبيه لصالح القياس cling gral علا ذلك
اثبت البحث فاعليه الوحده التعليميه المطوره في ضوء مجالات التنوع الثقافي في تنميه قيم
التواصل الحضاري لدا طلاب الصف الثاني الثانوي.
الكلمات المفتاحيه: مجالات التنوع الثقافي- oud التواصل الحضاري
ا 1066",ARPD,finalpdfs/77.pdf,"['مجالات التنوع الثقافي', 'التواصل الحضاري']"
1016,عائد بحوث ودراسات تنظيم المجتمع في تطوير التنظيمات الاجتماعية المدرسية,استهدفت الدراسه اختبارعائد بحوث ودراسات تنظيم المجتمع في تطوير مجلس الاباء والامناء والمعلمين كاحد التنظيمات الاجتماعية كاحد التنظيمات الاجتماعية المدرسيه. وذلك من خلال هدفين رئيسيين. الاول: اختبار عائد بحوث ودراسات تنظيم المجتمع في تطوير مجلس الاباء والامناء والمعلمين كاحد التنظيمات الاجتماعية المدرسيه. وتصنف الدراسه الحاليه ضمن بحوث تقدير عائد التدخل المنيء LU اعتمدت الدراسه الجمع بين منهج دراسه الحاله والتصميم التجريبي الذي يستخدم القياس (القبلي- البعدي) باستخدام نموذج المجموعه الواحده لاعضاء مجلس الامناء والاباء والمعلمين واعضاء مجلس اتحاد الطلاب بمدرسه بتمده الثانويه المشتركه. ومن خلال؛ gill بين التحليل الكمي والكيفي اجابت نتائج الدراسه علا التساؤلات الرئيسيه. حيث اجابت علا التساؤل الاول: حيث توجد فروق ذات دلاله احصائيه عند مستوا معنويه (0.05) بين التدخل المي بطريقه تنظيم المجتمع وتطوير مجلس الاباء والامناء والمعلمين في ضوء دراسات وحجم تاثير قوي. كما اجابت نتائج الدراسه علا التساؤل الثاني: حيث توجد فروق ذات دلاله احصائيه عند مستوا معنويه (0.05) بين التدخل المي بطريقه تنظيم المجتمع وتطوير مجلس البعدي بنسبه كسب معدل كبيره وحجم تاثير قوي.,"['علاء يونس عبد الرحمن', 'محمد عبد السميع عثمان', 'رضوان عبد الرازق']",,Art,2015-01-01,"عائد بحوث ودراسات تنظيم المجتمح ني تطوير
التنظيمات الاجتماعيه المدرسيه
اعداد
ا/ علاء يونس عبد الرحمن وهدان
ا.د/ محمد عبد السميج عثمان ا د/ Jabs رضوان عبد السرازق
قسم الخدمه الاجتماعيه وتنميه المجتمح. كليه التربيه.
جامعه الازهر بالقاهره.","عائد بحوث ودراسات تنظيم المجتمع في تطوير التنظيمات الاجتماعيه ا علاء يونس عبد الرحمن وهدان
المدرسيه ا.د/ محمد عبد السميع عثمان
ا.د/, dale رضوان عبد الرازق.
عائد بحوث ودراسات تنظيم المجتمع في تطوير التنظيمات الاجتماعيه
المدرسيه
علاء يونس عبد الرحمن وهدان*. محمد عبد السميع عثمان. عادل رضوان عبد الرازق.
قسم الخدمه الاجتماعيه وتنميه retell كليه التربيه. جامعه الازهر بالقاهره.
*البريد الالكتروني: alaa.younes.2050@gmail.com 
استهدفت الدراسه اختبارعائد بحوث ودراسات تنظيم المجتمع في تطوير التنظيمات
الاجتماعيه المدرسيه. وذلك من خلال هدفين رئيسيين. الاول: اختبار عائد بحوث ودراسات
تنظيم المجتمع في تطوير مجلس الاباء والامناء والمعلمين كاحد التنظيمات الاجتماعيه
كاحد التنظيمات الاجتماعيه المدرسيه. وتصنف الدراسه الحاليه ضمن بحوث تقدير عائد
التدخل المنيء LU اعتمدت الدراسه الجمع بين منهج دراسه الحاله والتصميم التجريبي الذي
يستخدم القياس (القبلي- البعدي) باستخدام نموذج المجموعه الواحده لاعضاء مجلس الامناء
والاباء والمعلمين واعضاء مجلس اتحاد الطلاب بمدرسه بتمده الثانويه المشتركه. ومن خلال؛
gill بين التحليل الكمي والكيفي اجابت نتائج الدراسه علا التساؤلات الرئيسيه. حيث اجابت
علا التساؤل الاول: حيث توجد فروق ذات دلاله احصائيه عند مستوا معنويه (0.05) بين
التدخل المي بطريقه تنظيم المجتمع وتطوير مجلس الامناء والاباء والمعلمين في ضوء دراسات
وحجم تاثير قوي. كما اجابت نتائج الدراسه علا التساؤل الثاني: حيث توجد فروق ذات دلاله
احصائيه عند مستوا معنويه )0.05( بين التدخل المي بطريقه تنظيم المجتمع وتطوير مجلس
البعدي بنسبه كسب معدل كبيره وحجم تاثير قوي.
الكلمات المفتاحيه: التدخل abl تنظيم المجتمع.ء التنظيمات Ayelet التنظيمات
Ape yl مجلس الامناء والاباء والمعلمين. مجلس اتحاد الطلاب.
سيل 1152 سس",ARPD,finalpdfs/78.pdf,"['التدخل', 'تنظيم المجتمع', 'التنظيمات الاجتماعية', 'مجلس الامناء والاباء والمعلمين', 'مجلس اتحاد الطلاب']"
1017,الطموح الاكاديمي وعلاقته بالاندماج الجامعي,"هدف البحث الحالي الا دراسه العلاقه بين الطموح الاكاديمي والاندماج الجامعي لدا من طلبه الجامعه. وتكونت عينه البحث من )140( طالبا وطالبه من كليه التربيه جامعه كفرالشيخ للعام الجامعي )22021-2020( وذلك بمتوسط عمري (20,07) سنه وانحراف معياري(0,89). حيث Gib علهم الباحث مقياس الاندماج الجامعي (اعداد (Soll ومقياس الطموح الاكاديمي (اعداد الباحث). وتوصلت نتائج البحث الا وجود علاقه ارتباطيه موجبه ols دلاله احصائيه بين الطموح الاكاديمي والاندماج الجامعي لدا Ub الجامعه, وانه لا توجد فروق ذات دلاله احصائيه في الاندماج الجامعي ترجع الا متغير النوع (ذكور- اناث) لدا طلاب الجامعه, وانه لا توجد فروق IS دلاله احصائيه في الطموح الاكاديمي ترجع الا dia النوع (ذكور- اناث) لدا طلاب الجامعه.","['ا محمود محمد ابراشيم سرور', 'ا.د/ رضا رزق ابراهيم حبيب', 'عادل عبد المعطي الابيض']",,Art,2022-01-01,"الطموح الاكاديمي وعلاقته بالاند ماج الجامعي
لدا عينه من طلبه الجامعه
اعداد
ا محمود محمد ابراشيم سرور
المدرس المساعد بقسم علم النفس التعليمي والاخصاء التربوي
كليه التربيه جامعه الازهر س بالدقهليه
ا.د/ رضا رزق ابراهيم at ذا عادل عبد المعطي الابيض
استاذ عدم النفس التعليمي والاحصاء سستاذ علم النفس التعليمي والاخصاء
التربوي المتفرغ بكليه التربيه ail) التربوي المساعد بكليه التربيه بالقاهره
جامعه الازهر جامعه الازهر","الطموح الاكاديمي وعلاقته بالاندماج الجامعي لدا عينه من ا.د/ رضا رزق ابراهيم حبيب
we 4 0 0 د/ Jule عبد المعطي الابيض
طلبا لجامعا محمود محمد ابراهيم سرور
الطموح الاكاديمي وعلاقته بالاندماج الجامعي
لدا عينه من طلبه الجامعه
محمود محمد ابراهيم سرورا. Ley رزق ابراهيم حبيب2. عادل عبد المعطي الابيض3
1البريد الالكتروني للباحث الرئيس: adelabdelmoaty.208@azhar.edu.eg 
هدف البحث الحالي الا دراسه العلاقه بين الطموح الاكاديمي والاندماج الجامعي لدا
dire من dl الجامعه. وتكونت عينه البحث من )140( طالبا وطالبه من كليه التربيه جامعه
كفرالشيخ للعام الجامعي )22021-2020( وذلك بمتوسط عمري (20,07) سنه وانحراف
معياري(0,89). حيث Gib علهم الباحث مقياس الاندماج الجامعي (اعداد (Soll ومقياس
الطموح الاكاديمي (اعداد الباحث). وتوصلت نتائج البحث الا وجود علاقه ارتباطيه موجبه
ols دلاله احصائيه بين الطموح الاكاديمي والاندماج الجامعي لدا Ub الجامعه, وانه لا
توجد فروق ذات دلاله احصائيه في الاندماج الجامعي ترجع الا متغير النوع (ذكور- اناث) لدا
طلاب الجامعه, وانه لا توجد فروق IS دلاله احصائيه في الطموح الاكاديمي ترجع الا dia 
النوع (ذكور- اناث) لدا طلاب الجامعه.
الكلمات المفتاحيه. الطموح الاكاديمي, الاندماج الجامعي.
سو 1232",ARPD,finalpdfs/79.pdf,"['الطموح الاكاديمي', 'الاندماج الجامعي']"
1018,التنافر المعرفي والمسؤوليه الاجتماعيه لدا طلبه الجامعه الهاشميه,"هدفت الدراسه الحاليه الا معرفه مستوا التنافر المعرفيء وعلاقته بالمسؤوليه الاجتماعيه لدا طلبه الجامعه الهاشميه, تبعا لمتغيري النوع الاجتماعي والكليه. تكونت عينه الدراسه من (362) طالبا وطالبه تم اختيارهم بالطريقه العشوائيه الطبقيه. استجابوا لمقياسي التنافر المعرفي والمسؤوليه الاجتماعيه.اظهرت نتائج الدراسه ان مستوا التنافر المعرفيء ومستوا المسؤوليه الاجتماعيه لدا طلبه الجامعه الهاشميه كان متوسطاء وانه لا توجد فروق ذات دلاله احصائيه في مستوا التنافر المعرفي. ومستوا المسؤوليه الاجتماعيه تعزا الا متغيري النوع الاجتماعي والكليه. كما اظهرت النتائج وجود علاقه ارتباطيه سالبه ذات دلاله احصائيه عند مستوا (0.05 ) بين الدرجه الكليه للتنافر المعرفي والدرجه الكليه للمسؤوليه الاجتماعيه. وفي ضوء النتائج تم التوصل الا بعض التوصيات. (الكلمات المفتاحيه: التنافر المعرفي. المسؤوليه الاجتماعيه. طلبه الجامعه الهاشميه).","['ثريا عبد الحميد سلامه', 'ثائر احمد غباري']",,Art,2016-01-01,"المجله الاردنيه في العلوم التربويه. مجلد 12 عدد 1, 2016, 43-31
التنافر المعرفي والمسؤوليه الاجتماعيه لدا طلبه الجامعه الهاشميه
في ضوء متغيري النوع الاجتماعي والكليه
* 5
ثريا عبد الحميد سلامه و ثائر احمد غباري
تاريخ تسلم البحث 28/4/2015
ملخص: هدفت الدراسه الحاليه الا معرفه مستوا التنافر المعرفيء وعلاقته
بالمسؤوليه الاجتماعيه لدا طلبه الجامعه الهاشميه, تبعا لمتغيري النوع الاجتماعي
والكليه. تكونت عينه الدراسه من (362) طالبا وطالبه تم اختيارهم بالطريقه
العشوائيه الطبقيه. استجابوا لمقياسي التنافر المعرفي والمسؤوليه الاجتماعيه.
اظهرت نتائج الدراسه ان مستوا التنافر المعرفيء ومستوا المسؤوليه الاجتماعيه
لدا طلبه الجامعه الهاشميه كان متوسطاء وانه لا توجد فروق ذات دلاله احصائيه
في مستوا التنافر المعرفي. ومستوا المسؤوليه الاجتماعيه تعزا الا متغيري
النوع الاجتماعي والكليه. كما اظهرت النتائج وجود علاقه ارتباطيه سالبه ذات دلاله
احصائيه عند مستوا (0.05 ) بين الدرجه الكليه للتنافر المعرفي. والدرجه
الكليه للمسؤوليه الاجتماعيه. وفي ضوء النتائج تم التوصل الا بعض التوصيات.
(الكلمات المفتاحيه: التنافر المعرفي. المسؤوليه الاجتماعيه. طلبه الجامعه
الهاشميه).
مقدمه: يسعا الانسان في طبيعته البشريه للوصول الا
الاتزان في سلوكه ومعتقداته ومعرفته. فلا تمكنا من فهم اكثر عمقا
للطبيعه البشريه لمعرفه اسباب اختلال التوازن. لوجدنا ان هناك
قدرا من المعرفه المتناقضه حول فكره dine مما يشغل الفرد
لانهاء هذا التناقض. والوصول الا حاله من الاتزان والرضا عن
سلوكه )2012 .(Allahyani, 
وقد اشار (Kelly) LS الوارد في ليستر ويانغ ) Lester 
(Yang, 2009 في نظريته عن الشخصيه بان الانسان يسعا دائما
للاتساق داخل نفسه. وان وجود الشعور بالتناقض يعد دافعا
ومحركا اساسيا لاعاده تنسيق المعرفه. وجعلها متسقه فيما بينهاء
اذا يحقق هذا التناقض نوعا من المتعه.
وكان فستنجر من اوائل من فسر هذا التناقض في المعرفه,
وصاغه ضمن نظريه اسماها نظريه التنافر المعرفي , حيث عرفها
بانها: حاله تتضمن انشغال الفرد ذهنيا بموضوعينء او معتقدين,
او فكرين يحتلان الاهميه نفسهاء الا انهما متناقضان في طبيعتهما
(Festinger Carlsmith, 1959) وتعرف نظريه التنافر المعرفي
ايضا بانها: حاله نفسيه غير مريحه, تنتج بسبب تصادم المعتقدات
الراس خه في ذهن الفرد )2013 .(Stanchi, 
* وزاره التربيه والتعليم قسم التعليم الخاصء الاردن.
** قسم ple النفس التربويء كليه العلوم التربويه الجامعه الهاشميه؛ الزرقاء.
الاردن.
حقوق الطبع محفوظه لجامعه اليرموك؛ اربدء الاردن.
wee
تاريخ قبوله 30/9/2015
ويستند التنافر المعرفي الا ثلاث مسلماتء. هي: ان الفرد
لديه معتقد يفضله اكثر عن الاخرء وان الفرد لديه سيطره كافيه
علا معتقداته. Gly المعتقد الذي تم تبنيه لمره واحده يبقا صالحا
ومستمرا علا مر الزمان (2009 (Lester Yang, 
وللتنافر المعرفي اساس منطقي, مثلا: انت تؤمن Sh الانسان
سيصل يوما الا النجوم. ولكنك تدرك ايضا Gh الامر سيستغرق
وقتا طويلا. وقد يكون له اساس مرتبط بالاعرافء مثلا: من غير
اللائق اكل اللحم بالمطاعم باليدء ولكنك تعرف th من الصعب اكل
alll وانتزاع العظم منه بالشوكه والسكين. وقد يكون له اساس
.(Lester Yang, 2009) 
Ll ماو واوبيوال )2010 (Mao Oppewal, فتحدثا عن
الجانب الانفعالي من التنافر المعرفي. لكن في المجال الاقتصادي,
وهو رضا المستهلك بعد الشراءء فقد جد ان توفير المعلومات
المتناقضه لا يؤثر علا رضا المستهلكء في المقابل Gla المعلومات
المتسقه تعمل علا تعزيز الرضاء وخفض حجم الانزعاج الناتج عن
الاختيار. اما علا المستوا التربوي فقد جاءت دراسه ثومسون
وبارنهارت (Thompson, Barnhart, Chow, 2010) slits 
للتحقق من مستوا التنافر المعرفي لدا dine من السجناءء وطلبه","المجله الاردنيه في العلوم التربويه
ويرا ماكفولز وكوب روبرتس (McFalls Cobb- 
Roberts, 2001) ان التنافر المعرفي قد يتسبب في احداث التوتر
النفسي عندما تتعارض المعرفه الجديده مع المعرفه الموجوده لدا
الفرد. ولان هذا التعارض غير سارء فان الفرد هنا يسعا لانهاء هذه
الحاله عن طريق تقليل التنافر بين المعرفه الجديده والمعرفه
القائمه في بنيه الفرد المعرفيه.
وفي دراسه ايسنهارت وبيسوني وستيل ( Eisenhardt, 
(Besony Steele, 2001 تم تعريض مجموعه من المعلمين الا
حاله من التنافر المعرفي بين افكارهم المسبقه عن الطلبه والتدريس,
واستخدموا كذلك مجموعه ضابطه لم تحظ باي تنافر معرفي بل
بقيت افكارهم عن الطلبه والتدريس كما هي. اشارت نتائج الدراسه
الا ان المعلمين الذين قدمت لهم خبره التنافر المعرفي ادت الا
تبرير معتقداتهم عن الطلبه واساليب التدريسء في حين ان
المعلمين الذين لم يحظ اي منهم بخبره التنافر المعرفي لم تتاثر
افكارهم ومعتقداتهم.
واقترح فستنجر كما ورد في )2009 (Lester Yang, 
استراتيجيات لتخفيف حده التنافر المعرفيء وهي؛ اما تغيير سلوكنا
بتبني احد عناصر المعرفه. مثل: المدخن يعرف ان التدخين يزيد
من فرصه الاصابه بسرطان Hil) ولنمنع هذا عليه ان يتوقف عن
مثل: تجنب المدخن الجلوس مع الاشخاص غير المدخنينء والتقرب
من المدخنينء او باضافه عنصر معرفه cyte مثل: المدخن يقنع
نفسه Gh الاحصاتيات تشير Gh اعداد الوفيات بحوادث السير اكثر
بكثير من الوفيات من سرطان الرئه او بتجنب المعلومات المتنافره,
مثل: تجنب قراءه الملاحظات الموجوده علا علب السجائرء
والابتعاد عن قراءه المقالات المتحدثه عن التدخين والسرطان.
وقد اجريت العديد من الدراسات والتجارب لاختبار نظريه
التنافر المعرفي مستخدمه تصاميم ومواقف تجريبيه مختلفه, منها:
1- تجارب الاختيار الحر: ada تحدثت كريتشمر ( Kretchmar, 
Ge (2014 الاختيار الحرء بانه اذا اضطر الفرد لفعل او قول
شيء يناقض اراءه وافكارهء فان الاكراه نفسه سيقضي علا
التنافر.
2- تجارب الاذعان: حيث يرا فستنجر وكارلسميث ( Festinger 
(Carlsmith, 9 ان التنافر يحدث اذا تصرف الفرد
بطريقه مخالفه لاتجاهاته.
3- تبرير الجهد: من الامور التي تستثير التنافر ايضا انخراط الفرد
في مهمه ساره للحصول علا نتائج مرغوبه. God خلال معرفته
ان نشاطا ما غير سارء فهذا يؤدي بالفرد الا عدم الانخراط
بذلك النشاطء والتنافر سيكون اكبر. ويمكن هنا خفض التنافر
32
عن طريق المبالغه في جوده النواتج التي سيحصل عليها
الفرد عند اداء هذا النشاط.ء حيث تعتبر هنا اضافه معارف
متسقه )2014 .(Kretchmar, 
وبما ان الانسان كائن اجتماعي يؤثر ويتاثر بالمحيط البيئي
الاجتماعيء فان التنافر المعرفي قد ينعكس علا ادائه الاجتماعي من
اتخاذ وتحمل مسؤوليه فرديه واجتماعيه.
والمسؤوليه الاجتماعيه تشكل جزءا من اهتمام الباحثين في مجال
العلوم التربويه والنفسيه؛ لما لها من اهميه بالغه في حياه الافراد,
حيث تقاس قيمه الفرد وفاعليته بقدر ما يتحمله من مسؤوليه
اجتماعيه تجاه المجتمع الذي يعيش فيه. وينتمي اليه. وتشير
المسؤوليه بشكل عام الا اقرار الفرد بما يصدر عنه من افعال
واقوال واستعداد لتحمل نتائج هذه الافعال فهي القدره بالالتزام
Yi 4 ثم الوفاء بالتزاماته باستخدام جهوده الخاصه وارادته الحره
(رزقء 2002(. وعرفها كوف (Cough, Meclosky, Meehl, 
)1952 بانها: شعور الفرد بواجبه الاجتماعي تجاه نفسه ومن يعيش
معهم من ابناء مجتمعه. وتتحدد هذه المسؤوليه بمقدار استعداده
بالاقرار بنتائج تصرفاته امام ticles وادراكه لما يترتب علا اعماله
من عواقب. ووصفتها السهيلي )2009( بانها: شعور الفرد
بمسؤولياته تجاه الجماعه التي ينتمي اليهاء والتزامه بهاء Las 
يتعايش مع قيم وتقاليد مجتمعه, ومشاركته في فهم Cle pgs 
هذه المسؤوليه تتناول الاهتمام والفهم والمشاركه.
وتشير العمري (2007) الا ان المسؤوليه الاجتماعيه تتكون
من ثلاثه عناصر اساسيه. هي: الاهتمام. والفهم: والمشاركه. فيشير
الاهتمام الا رابطه عاطفيه بالجماعه التي ينتمي اليها الفرد,
والحرص علا استمرار الجماعه وتقدمها وبلوغها اهدافهاء والخوف
علا اضعافها او تفككها. ويشير الفهم الا فهم طبيعه الجماعه, والا
المغزا الاجتماعي لافعاله. بينما تشير المشاركه الا اشتراك الفرد
مع الاخرين في عمل ما يمليه الاهتمام. وما يتطلبه الفهم من اعمال
تساعد الجماعه في اشباع حاجاتهاء وحل مشكلاتهاء والوصول الا
اهدافهاء وتحقيق رفاهيتهاء والمحافظه علا استمرارها حين يكون
مؤهلا اجتماعيا لذلك.
وقد اجريت العديد من الدراسات حول مفهومي التنافر
المعرفي والمسؤوليه الاجتماعيه. ففيما يخص التنافر المعرفي فقد
اجرا بالاك وسوجين وفانزانت ( Pallak, Sogin Van Zante, 
4) دراسه هدفت الا الكشف عن العلاقه بين التنافر المعرفي
ومستوا الاحساس بالمسؤوليه. اجريت الدراسه علا عينه مكونه
من (249) طالبا وطالبه جامعيين بواقع (207) طالبات و(42)
طالبا. افادت النتائج ان الافراد لديهم شعور بالمسؤوليه للمهمات
الصعبه والممله وعواقبها المتوقعه. حيث خفف الشعور بالمسؤوليه
من حده التنافر لديهم . ومع استمرار تواجد هذه المهمات. فان
الفرد سوف يعمل علا تغيير السلوك حتا يقلل من حده التنافر.
وفي دراسه اجراها بوريس وهارمون جيمس وتاربلي ( 
(Burris, Harmon-James Tarpley, 1997 هدفت الا التحقق",ARPD,finalpdfs/80.pdf,"['التنافر المعرفي', 'المسؤوليه الاجتماعيه', 'طلبه الجامعه الهاشميه']"
1019,طفو الاكاديما وعلاقته بالاداء المهنا لدا اعضاء هيئه التدريس ببعض كليات جامعه الازهر بالوجه البحرا,هدف البحث الحالي الي التعرف علا العلاقه بين الطفو الاكاديمي والاداء المي لدي اعضاء هيئه التدريس وذلك في ضوء نوع الكليه والجنس والدرجه العلميهء وامكانيه التنبؤ بالطفو الاكاديعي لدا اعضاء هيئه التدريس من خلال الاداء لهمء وتكونت عينه البحث من )250( عضوا من اعضاء هيئه التدريسء وتمثلت ادوات الدراسه في مقياسين احدهما للطفو الاكاديعيء والثاني مقياس الاداء المني لاعضاء هيئه التدريس. واشارت النتائج الي وجودعلاقه ارتباطيه ols دلاله احصائيه بين ابعاد الطفو الاكاديمي وكل من ابعاد الاداء المي والدرجه الكليه لهماء ly يمكن التنبؤ بالطفو الاكاديما من خلال الاداء المخا لدا اعضاء هيئه التدريس . وايضا وجود فروق Atle احصائيا بين الذكور والاناث في ابعادالطفو الاكاديمي والدرجه الكليه له . وابعاد الاداء abl والدرجه الكليه له لصالح الذكور. وايضا وجود فروق داله احصائيا بين نوع الكليه (نظريه - عمليه) في ابعاد الطفو الاكاديمي والدرجه الكليه له اوابعاد الاداء abl والدرجه الكليه له لصالح الكليات النظريه. وجود فروق داله احصائيا بين اعضاء هيئه Guy Ail) حسب متغير الدرجه العلميه لعضوهيئه التدريس (استاذ - استاذ مساعد - مدرس) في ابعاد الطفو الاكاديمي والدرجه الكليه له لصالح (مدرس). ماعدا بعد المسئوليه والعلاقات الطيبه. وجود فروق داله احصائيا بين اعضاء هيئه التدريس حسب متغير الدرجه العلميه لعضو هيئه التدريس (استاذ - استاذ مساعد - مدرس) في ابعاد الاداء المي لصالح (مدرس). ماعدا الدرجه الكليه للاداء المني وتعد التطوير الذاتي.,"['محمد ابراهشيم عبدهد دا عبد الرحمن محمد عبد الرحمن', 'عبد الرحمن محمد عبد الرحمن مسعود']",,Art,2023-01-01,"الطفو الاكاديما وعلاقته shale المغنا لدا اعضاء etait 
التدريس ببعض كليات جامعه الازهر بالوجه البحرا
اعداد
د/ محمد ابراهشيم عبدهد دا عبد الرحمن محمد عبد الرحمن
استاذ مساعد بقسم اصول التربيه مسعود
كليه التربيه - جامعه العزهر مدرس بقسم علم النفس التربوا
بالدههليه كليه التربيه - جامعه الازهر بالدههليه","د/ محمد ابراهيم عبده
الطفو الاكا علاقته Yu نا لدا اعضاء هيئه
لطفو الاكاديما وعلاقته بالاداء المهنا لدا اعضاء هيئه د/ عبد الرحمن محمد عبد الرحمن مسعود
التدريس ببعض كليات جامعه الازهر بالوجه البحرا
الطفو الاكاديما وعلاقته بالاداء المنا لدا اعضاء هيئه التدريس ببعض كليات جامعه
الازهر بالوجه البحرا
محمد ابراهيم عبده . عبد الرحمن محمد عبد الرحمن مسعود 
قسم اصول التربيه. كليه التربيه. جامعه الزهر Ah Sl مصر.
ud علم النفس التربوا. كليه التربيه. جامعه الازهر ASL مصر.
البريد الالكتروني للباحث الرئيس: Mohamedelsayed2200.el@azhar.edu.eg 
هدف البحث الحالي الي التعرف علا العلاقه بين الطفو الاكاديمي والاداء المي لدي اعضاء
هيئه التدريس وذلك في ضوء نوع الكليه والجنس والدرجه العلميهء وامكانيه التنبؤ بالطفو
الاكاديعي لدا اعضاء هيئه التدريس من خلال الاداء All لهمء وتكونت عينه البحث من
)250( عضوا من اعضاء هيئه التدريسء وتمثلت ادوات الدراسه في مقياسين احدهما للطفو
الاكاديعيء والثاني مقياس الاداء المني لاعضاء هيئه التدريس. واشارت النتائج الي وجودعلاقه
ارتباطيه ols دلاله احصائيه بين ابعاد الطفو الاكاديمي وكل من ابعاد الاداء المي والدرجه
الكليه لهماء ly يمكن التنبؤ بالطفو الاكاديما من خلال الاداء المخا لدا اعضاء هيئه
التدريس . وايضا وجود فروق Atle احصائيا بين الذكور والاناث في ابعادالطفو الاكاديمي
والدرجه الكليه له . وابعاد الاداء abl والدرجه الكليه له لصالح الذكور. وايضا وجود فروق
داله احصائيا بين نوع الكليه (نظريه - عمليه) في ابعاد الطفو الاكاديمي والدرجه الكليه له
وابعاد الاداء abl والدرجه الكليه له لصالح الكليات النظريه. وجود فروق داله احصائيا بين
اعضاء هيئه Guy Ail) حسب متغير الدرجه العلميه لعضوهيئه التدريس (استاذ - استاذ
مساعد - مدرس) في ابعاد الطفو الاكاديمي والدرجه الكليه له لصالح (مدرس). ماعدا بعد
المسئوليه والعلاقات الطيبه. وجود فروق داله احصائيا بين اعضاء هيئه التدريس حسب
متغير الدرجه العلميه لعضو هيئه التدريس (استاذ - استاذ مساعد - مدرس) في ابعاد الاداء
المي لصالح (مدرس). ماعدا الدرجه الكليه للاداءالمني وتعد التطوير الذاتي.
الكلمات المفتاحيه: الطفو الاكاديعي, الاداء gl عضو هيئه التدريس.",ARPD,finalpdfs/81.pdf,"['طفو الاكاديمي', 'الاداء', 'عضو هيئه التدريس']"
1020,جودة التعليم عن بعد وعلاقتها بالضغوط النفسية والاجتماعية لطالبات المرحلة الثانوية في ظل أزمة كورونا العالمية,هدفت الدراسه الحاليه الا التعرف علا العلاقه بين مصادر الضغوط النفسيه والاجتماعيه لدا طالبات المرحله الثانويه وعلاقتها بتجربه التعليم عن بعد في ظل ازمه كورونا العالميه وتكونت عينه الدراسه من )112( طالبه بالمرحله الثانويه بالصف الثالث الثانوي موزعين علا 7 مدارس بمدينه الجبيل بالمملكه العربيه السعوديه. واستخدمت الباحثه استبيان من اعدادها للاجابه عن تساؤلات البحث وكان من اهم نتائج الدراسه ارتفاع مستوي رضا طالبات المرحله الثانويه عن ممارسه التعليم عن بعد في ظل جائحه كوروناء ارتفاع مستوي الضغوط النفسيه المتوفره لدا طالبات المرحله الثانويه lly تنعكس سلبيا علا التعليم عن بعد في Jb جائحه كوروناء ارتفاع مستوي الضغوط الاجتماعيه All يتعرض لها طالبات المرحله الثانويه sly تنعكس سلبيا علا التعليم عن بعد في ظل جائحه كورونا . وجود علاقه ذات دلاله احصائيه بين الضغوط النفسية والاجتماعية لطالبات المرحلة الثانوية في ظل أزمة كورونا العالمية 19 COVID,"['بدوي محمد منصور', 'بدوي محمد منصور']",,Art,2023-01-01,"Ge التعليم عن بعد وعلافتها بالضغوط النفسيه
والاجتماعيه لدا طالبات المرحله الثانويه
في ظل ازمه كورونا العالميه
haus) 
ذ/ (sedan ابدوي محمد منصور
استاذ مساعد التربيه الخاصه. كليه العلوم والدراسات الانسانيه .
جامعه الامام عبد الرحمن بن فيصل. المملكه العربيه السعوديه.","تجربه التعليم عن بعد وعلاقتها بالضغوط النفسيه والاجتماعيه
لدا طالبات المرحله الثانويه في ظل ازمه كورونا العالميه
د/ سها بدوي محمد منصور
لدا طالبات المرحله الثانوبه فا ظل ازمه كورونا العالميه
ow بدوي محمد منصور
التربيه الخاصه . كليه العلوم والدراسات الانسانيه. جامعه الامام عبد الرحمن بن فيصل
المملكه العربيه السعوديه.
البريد الالكتروني: sohabadawi@gmail.com 
ملخص:
هدفت الدراسه الحاليه الا التعرف علا العلاقه بين مصادر الضغوط النفسيه والاجتماعيه
لدا طالبات المرحله الثانويه وعلاقتها بتجربه التعليم عن بعد في ظل ازمه كورونا العالميه
وتكونت عينه الدراسه من )112( طالبه بالمرحله الثانويه بالصف الثالث الثانوي موزعين علا
7 مدارس بمدينه الجبيل بالمملكه العربيه السعوديه. واستخدمت الباحثه استبيان من اعدادها
للاجابه عن تساؤلات البحث وكان من اهم نتائج الدراسه ارتفاع مستوي رضا طالبات المرحله
الثانويه عن ممارسه التعليم عن بعد في ظل جائحه كوروناء ارتفاع مستوي الضغوط النفسيه
الموجوده لدا طالبات المرحله الثانويه lly تنعكس سلبيا علا التعليم عن بعد في Jb جائحه
كوروناء ارتفاع مستوي الضغوط الاجتماعيه All يتعرض لها طالبات المرحله الثانويه sly 
تنعكس سلبيا علا التعليم عن بعد في ظل جائحه كورونا . وجود علاقه ذات دلاله احصائيه
المرحله الثانويه في ظل ازمه كورونا العالميه 19 COVID 
الكلمات المفتاحيه: التعليم عن بعد. bye النفسيه. الضغوط الاجتماعيه. طالبات
المرحله الثانويه. كوفد 19.",ARPD,finalpdfs/82.pdf,"['التعليم عن بعد', 'النفسيه', 'الضغوط الاجتماعيه', 'طالبات', 'المرحله الثانويه', 'كوفد 19']"
1021,الاتجاه نحو التطرف وعلاقته ببعض المتغيرات,هدف البحث الا التعرف علا مستوا الاتجاه نحو التطرف لدا طلاب الجامعه. ودراسه مدا تاثرها بمتغيرات التخصص الاكاديميء والسنه Apel ll والتحصيل الدرامي. شارك في البحث )321( طالبا من طلاب السنه الاولا والرابعه من كليات علميه ونظريه بجامعه ام القراء من خلال اجابهم علا مقياس الاتجاه نحو التطرف (اعداد الباحث). وتوصل البحث الا عده نتائج منها: تمتع افراد العينه بمستوا متوسط من الاتجاه نحو التطرف. كما توصل البحث الا عدم وجود فروق ذات دلاله احصائيه بين متوسطات درجات عينه البحث في الاتجاه نحو التطرف لمتغير التخصص. كما توصل البحث الا وجود فروق ذات دلاله احصائيه في مستوا الاتجاه نحو التطرف تعزا لمتغير السنه الدراسيه lal طلاب السنه الرابعه. وتوصل ايضا الا عدم وجود فروق بين متوسطات درجات عينه البحث في الاتجاه نحو التطرف تبعا لمتغير التحصيل الدراسي. كذلك تضمن البحث العديد من التوصيات.,['سالم بسن محمد المفرجي'],,Art,2023-01-01,"الاتجاه نحو التطرف وعلاقته ببعض المتغيرات
الاكاديميه لدا طلاب الجامعه
اعداد
د/ سالم بسن محمد المفرجي
استاذ الارشاد النفسي المشارك. قسم علم النفس.
جامعه ام القرا مكه المكرمه. المملكه العربيه السعوديه","الاتجاه نحو التطرف وعلاقته ببعض المتغيرات الاكاديميه 1
ببعص المدعي 4 :
لدا طلاب الج د/ سالم بن محمد المفرجي
الاتجاه نحو التطرف وعلاقته ببعض المتغيرات الاكاديميه لدا طلاب الجامعه
ale aud النفسء. جامعه ام القراء مكه Aa Sal المملكه العربيه السعوديه.
الايميل الالكتروني: dr.Salem.m@hotmail.com 
هدف البحث الا التعرف علا مستوا الاتجاه نحو التطرف لدا طلاب الجامعه. ودراسه مدا
تاثرها بمتغيرات التخصص الاكاديميء والسنه Apel ll والتحصيل الدرامي. شارك في البحث
)321( طالبا من طلاب السنه الاولا والرابعه من كليات علميه ونظريه بجامعه ام القراء من
خلال اجابهم علا مقياس الاتجاه نحو التطرف (اعداد الباحث). وتوصل البحث الا عده نتائج
منها: تمتع افراد العينه بمستوا متوسط من الاتجاه نحو التطرف. كما توصل البحث الا عدم
وجود فروق ذات دلاله احصائيه بين متوسطات درجات عينه البحث في الاتجاه نحو التطرف
es لمتغير التخصص. كما توصل البحث الا وجود فروق ذات دلاله احصائيه في مستوا
الاتجاه نحو التطرف تعزا لمتغير السنه الدراسيه lal طلاب السنه الرابعه. وتوصل ايضا
الا عدم وجود فروق بين متوسطات درجات عينه البحث في الاتجاه نحو التطرف تبعا لمتغير
التحصيل الدراسي. كذلك تضمن البحث العديد من التوصيات.
الكلمات المفتاحيه: الاتجاه. التطرف. طلاب الجامعه.",ARPD,finalpdfs/83.pdf,"['الاتجاه', 'التطرف', 'طلاب الجامعه']"
1022,تحليل عوامل الاختيار المغني والنجاح المغندي في ضوء توجهات معلمي ومعلمات التعليم الازهري والتعليم العام: دراسة فارقة تنبؤية,هدف البحث الا تحليل عوامل HAIL والنجاح idl في ضوء توجهات معلمي ومعلمات التعليم الازهري والتعليم العام. شملت عينه البحث (605) معلمين ومعلمات: (271) من الذكور و(334) من الاناث: كما توزعت بين )286( من معلمي الازهر الشريف و(319) من معلمي وزاره التربيه والتعليم. وتم تطبيق مقياس عوامل الاختيار المي ومقياس النجاح المني (اعداد الباحنين)ء واسفرت النتائج عن ان العوامل البيئيه اكثر عوامل الاختيار abl شيوعا لدا العينه AUS ووجود فروق داله احصائيا في العوامل البيئيه والعوامل المجتمعيه لصالح الاناث. ووجود فروق غيرداله Wiles في العوامل الشخصيه تعزا لمتغير النوع (ذكورء (EL) ووجود فروق Allo ne احصائيا في العوامل Adsl ) والمجتمعيه) تعزا لمتغير Age العمل (الازهر الشريف. التربيه والتعليم)ء ووجود علاقه ارتباطيه موجبه داله احصائيا بين درجات افراد العينه الكليه علا مقياس عوامل الاختيار المي ودرجاتهم علا مقياس النجاح All وفاعليه عوامل الاختيار المني الشخصيه والمجتمعيه فقط في التنبؤ بالنجاح Akl وان العوامل الشخصيه AST اسهاما في التنبؤ بالنجاح المي مقارنه بالعوامل المجتمعيه لدا العينه الكليه وكذلك لدا كل من الذكور والاناث. ووجود فروق غيدرداله Blas في معاملات الارتباط المتعدد الناتجه من تحليل الانحدار المتعدد المتدرج بين (الذكور. والاناث)ء وفاعليه عوامل الاختيار ALI الشخصيه والبيئيه فقط في التنبؤ بالنجاح Akl لدا معلمي AM وفاعليه عوامل الاختيار المني الشخصيه والمجتمعيه فقط في التنبؤ بالنجاح المني لدا معلمي التربيه والتعليم وان العوامل الشخصيه للاختيار المي اكثر اسهاما في التنبؤ بالنجاح المي CA كل من معلمي الازهر ومعلمي التربيه والتعليم. ووجود فروق غيرداله Blas بين معاملات الارتباط المتعدد لدا معلمي الازهر ومعلمي التربيه والتعليم.,"['احمد محمد شبيب حسن', 'عمر محمود احمد عبدالله الجعيدي']",,Art,2023-01-01,"نحليل عوامل الاختيار المغني والنجاح المغندي
في ضوء توجهات معلمي ومعلمات التعليم
الازهري والتعليم العام: دراسه فارقه تنبؤيه
اعداد
ا.د/احمد محمد شبيب حسن
استاذ علم النفس التعليمي والاحصاء التربوي - كليه التربيه بئين بالقاهرذ جامعه الازهر
د/ عمر محمود احمد عبدالله الجعيدي
مدرس علم النفس التعليمي والاحصاء التربوي كليه التربيه بئين بالقاهرذ جامعه الازهر","تحليل عوامل الاختيار المهني والنجاح المهني في ضوء توجهات j 
معلمي ومعلمات التعليم الازهري والتعليم العام دراسه فارقه تنبؤيه د/ عمر محمود احمد عبدالله الجعيدي
احمد محمد شبيب حسن, عمر محمود احمد عبدالله الجعيدي
ale النفس التعليمي والاحصاء التربويء كليه التربيه بنين بالقاهره, جامعه الازهر.
البريد الالكتروني للباحث الرئيس: Ahmedhassan1161.el@azhar.edu.eg 
هدف البحث الا تحليل عوامل HAIL والنجاح idl في ضوء توجهات معلمي
ومعلمات التعليم الازهري والتعليم العام. شملت عينه البحث (605) معلمين ومعلمات: (271)
من الذكور و(334) من الاناث: كما توزعت بين )286( من معلمي الازهر الشريف و(319) من
معلمي وزاره التربيه والتعليم. وتم تطبيق مقياس عوامل الاختيار المي ومقياس النجاح المني
(اعداد الباحنين)ء واسفرت النتائج عن ان العوامل البيئيه اكثر عوامل الاختيار abl شيوعا
لدا العينه AUS ووجود فروق داله احصائيا في العوامل البيئيه والعوامل المجتمعيه لصالح
الاناث. ووجود فروق غيرداله Wiles في العوامل الشخصيه تعزا لمتغير النوع (ذكورء (EL) 
ووجود فروق Allo ne احصائيا في العوامل Adsl ) والمجتمعيه. والشخصيه) تعزا لمتغير Age 
العمل (الازهر الشريف. التربيه والتعليم)ء ووجود علاقه ارتباطيه موجبه داله احصائيا بين
درجات افراد العينه الكليه علا مقياس عوامل الاختيار المي ودرجاتهم علا مقياس النجاح
All وفاعليه عوامل الاختيار المني الشخصيه والمجتمعيه فقط في التنبؤ بالنجاح Akl وان
العوامل الشخصيه AST اسهاما في التنبؤ بالنجاح المي مقارنه بالعوامل المجتمعيه لدا العينه
الكليه وكذلك لدا كل من الذكور والاناث. ووجود فروق غيدرداله Blas في معاملات
الارتباط المتعدد الناتجه من تحليل الانحدار المتعدد المتدرج بين (الذكور. والاناث)ء وفاعليه
عوامل الاختيار ALI الشخصيه والبيئيه فقط في التنبؤ بالنجاح Akl لدا معلمي AM 
وفاعليه عوامل الاختيار المني الشخصيه والمجتمعيه فقط في التنبؤ بالنجاح المني لدا معلمي
التربيه والتعليم وان العوامل الشخصيه للاختيار المي اكثر اسهاما في التنبؤ بالنجاح المي CA 
كل من معلمي الازهر ومعلمي التربيه والتعليم. ووجود فروق غيرداله Blas بين معاملات
الارتباط المتعدد لدا معلمي الازهر ومعلمي التربيه والتعليم.
الكلمات المفتاحيه: الاختيار gdb المعلمون. مهنه التدريس. النجاح المي.",ARPD,finalpdfs/84.pdf,"['الاختيار المي', 'المعلمون', 'مهنة التدريس', 'النجاح المي']"
1023,الاشراف الفني بالمدارس الثانويه العامه في مصر وسنغافوره: دراسه تحليليه مقارنه,هدفت الدراسه الا التعرف علا الاشراف الفني في مصر وسنغافوره. والكشف عن واقع الاشراف Aall . اهدافه ومهام المشرف الفنيء ومعايير اختياره.والكشف عن اوجه الشبه والاختلاف بين مصر وسنغافوره في الاشراف الفني بهدف تطوير الاشراف بالمدارس الثانويه العامه بمصرء واعتمدت الدراسه علا المنهج المقارن . وتوصلت الدراسه الا بعض النتائج منها ان سنغافوره تشترط تدريب المشرف الفغي بشكل عملي قبل ممارسه العمل الاشرافي بالمدارسء. كما ان سنغافوره تسبق مصر في تفعيل الاشراف الالكتروني بالمدارس حيث تتوافر بنيه تكنولوجيه جيده بالمدارس من شبكات الانترنت وغيرهاء كما يوجد بسنغافوره نظام اداره الاداء المحسن والذي هيدف لتطوير اداء المشرفين والمعلمين يعتبر الاشراف التشاركي اتجاها فعالا لزياده دافعيه المعلمين كما ينمي لديهم روح الابتكار والابداع ويحفزهم علا استخدام كل جديد في تحقيق اهداف العمليه التعليميه. استطاعت سنغافوره تطبيق الانواع الاشرافيه الحديئه كالاشراف الالكتروني- الاشراف- الاشراف القائم علا الاداء) وكان لذلك اثره ليس علا اداء المشرفين والمعلمين بل علا المستوا المدرسي SSS .واوصت الدراسه بضروره تحديث معايير اختيار المشرفين الفنيين وتطبيق الانواع الاشرافيه الحديثه كالاشراف الالكتروني والاشراف القائم علا الاداء في ضوء الاستفاده من الاشراف في سنغافوره,"['احمد شبل عبد الرحمن القط', 'محمد يوسف مرسي نصر', 'احمد عبد الفتاح حمدي الغنداوي']",,Art,2023-01-01,"الاشراف الفني بالمدارس الثانويه العامه في مصر
وسنغافوره: دراسه نحليليه مقارنه
اعسداد
احمد شبل عبد الرحمن القط
ا.د/ محمد يوسف مرسي نصر دا احمد عبدالفتاح حمدي الغنداوي
استاذ الاداره والتخطيط والدراسات مدرس الاداره والتخطيط
المقارنه بكليه التربيه بالقاهره والدراسات المقارنه
جامعه الازهر بكليه التربيه - جامعه الازهر","الاشراف الفني بالمدارس الثانويه العامه في مصر sl شبل عبد الرحمن القط
وسنغافوره: دراسه تحليليه مقارنه .ل/ محمد يوسف مرسي نصر
د احمد عبدالفتاح حمدي الهنداوي
الاشراف الفني بالمدارس الثانويه العامه في مصر
وسنغافوره: دراسه تحليليه مقارنه
احمد شبل عبد الرحمن ball محمد يوسف (guys نصرء احمدعبد الفتاح حمدي الهنداوي
قسم الاداره والتخطيط والدراسات المقارنه. كليه Ag جامعه الازهر بالقاهره.
البريد الالكتروني: shebl8772@gmail.com 
مستخلص
هدفت الدراسه الا التعرف علا الاشراف الفني في مصر وسنغافوره. والكشف عن واقع
الاشراف Aall . اهدافه ومهام المشرف الفنيء ومعايير اختياره.والكشف عن اوجه الشبه
والاختلاف بين مصر وسنغافوره في الاشراف الفني بهدف تطوير الاشراف بالمدارس الثانويه
العامه بمصرء واعتمدت الدراسه علا المنهج المقارن . وتوصلت الدراسه الا بعض النتائج منها
ان سنغافوره تشترط تدريب المشرف الفغي بشكل عملي قبل ممارسه العمل الاشرافي
بالمدارسء. كما ان سنغافوره تسبق مصر في تفعيل الاشراف الالكتروني بالمدارس حيث تتوافر
بنيه تكنولوجيه جيده بالمدارس من شبكات الانترنت وغيرهاء كما يوجد بسنغافوره نظام اداره
الاداء المحسن والذي هيدف لتطوير اداء المشرفين والمعلمين يعتبر الاشراف التشاركي اتجاها
فعالا لزياده دافعيه المعلمين كما ينمي لديهم روح الابتكار والابداع ويحفزهم علا استخدام
كل جديد في تحقيق اهداف العمليه التعليميه. استطاعت سنغافوره تطبيق الانواع الاشرافيه
الحديئه كالاشراف الالكتروني- الاشراف- الاشراف القائم علا الاداء) وكان لذلك اثره ليس
فقط علا اداء المشرفين والمعلمين بل علا المستوا المدرسي SSS .واوصت الدراسه بضروره
تحديث معايير اختيار المشرفين الفنيين وتطبيق الانواع الاشرافيه الحديثه كالاشراف
الالكتروني والاشراف القائم علا الاداء في ضوء الاستفاده من الاشراف في سنغافوره
الكلمات المفتاحيه: الاشراف gall المدارس الثانويه العامه. سنغافوره. مصر.",ARPD,finalpdfs/85.pdf,"['الاشراف الفني', 'المدارس الثانويه العامه', 'سنغافوره', 'مصر']"
1024,فاعليه برنامجين ارشاديين في خفض اعراض اضطراب الرهاب الاجتماعي لدا,"هدفت هذه الدراسه الا الكشف عن فعاليه برنامجين ارشاديين في خفض اعراض اضطراب الرهاب الاجتماعي لدا عينه من طلبه السنه الاولا في جامعه اليرموك. تكونت عينه الدراسه من (523) طالبا وطالبه تم اختيارهم بالطريقه المتيسره. ولتحقيق اهداف الدراسه استخدم الباحثان مقياس ليبوتز (Lipbowitz) للرهاب الاجتماعي المكون من )18( فقره. وبناء علا درجات الطلبه علا هذا المقياس؛ ورغبتهم في المشاركه في البرامج LEY تم اختيار عينه الدراسه التي تكونت من )36( Lill (22 اناثاء 3 ذكورا) تم تقسيمهم عشوائيا الا ثلاث مجموعات: مجموعتين تجريبيتين ومجموعه ضابطه, تكونت كل مجموعه من )12( طالباء تلقت المجموعه التجريبيه الاولا برنامج التدريب علا المهارات الاجتماعية. في حين تلقت المجموعه التجريبيه الثانيه برنامج تقليل الحساسيه التدريجي. اظهرت نتائج الدراسه ان كلا من التدريب علا المهارات الاجتماعية. وتقليل الحساسيه التدريجيء كانا اكثر فعاليه من عدم المعالجه في خفض اعراض الرهاب الاجتماعي وكانت الفروق ذات دلاله احصائيه a) 0.05( ولم تختلف فاعليه اي من البرنامجين الارشاديين باختلاف quia والتفاعل بين الجنس والمجموعه, ولم يوجد بينهما فروق ذات دلاله احصائيه. كما اظهرت النتائج استمرار فعاليه كل من البرنامجين الارشاديين علا قياس المتابعه الذي قام الباحثان بتطبيقه بعد ثلاثه اسابيع من انتهاء البرامج وبشكل دال احصائيا.","['تاal غزو', 'قاسم سمور']",,Art,2016-01-01,"المجله الاردنيه في العلوم التربويه. مجلد 12 عدد 1 2016, 69-59
فاعليه برنامجين ارشاديين في خفض اعراض اضطراب الرهاب
الاجتماعي لدا
*
taal غزو و قاسم سمور
تاريخ تسلم البحث 17/2/2015
ملخص: هدفت هذه الدراسه الا الكشف عن فعاليه برنامجين ارشاديين في خفض
اعراض اضطراب الرهاب الاجتماعي لدا عينه من طلبه السنه الاولا في جامعه
اليرموك. تكونت عينه الدراسه من (523) طالبا وطالبه تم اختيارهم بالطريقه
المتيسره. ولتحقيق اهداف الدراسه استخدم الباحثان مقياس ليبوتز
(Lipbowitz) للرهاب الاجتماعي المكون من )18( فقره. وبناء علا درجات
الطلبه علا هذا المقياس؛ ورغبتهم في المشاركه في البرامج LEY تم اختيار
عينه الدراسه التي تكونت من )36( Lill (22 اناثاء 3 ذكورا) تم تقسيمهم
عشوائيا الا ثلاث مجموعات: مجموعتين تجريبيتين ومجموعه ضابطه, تكونت كل
مجموعه من )12( طالباء تلقت المجموعه التجريبيه الاولا برنامج التدريب علا
المهارات الاجتماعيه. في حين تلقت المجموعه التجريبيه الثانيه برنامج تقليل
الحساسيه التدريجي. اظهرت نتائج الدراسه ان كلا من التدريب علا المهارات
الاجتماعيه. وتقليل الحساسيه التدريجيء كانا اكثر فعاليه من عدم المعالجه في
خفض اعراض الرهاب الاجتماعي وكانت الفروق ذات دلاله احصائيه a) 0.05(
ولم تختلف فاعليه اي من البرنامجين الارشاديين باختلاف quia والتفاعل بين
الجنس والمجموعه, ولم يوجد بينهما فروق ذات دلاله احصائيه. كما اظهرت
النتائج استمرار فعاليه كل من البرنامجين الارشاديين علا قياس المتابعه الذي قام
الباحثان بتطبيقه بعد ثلاثه اسابيع من انتهاء البرامج وبشكل دال احصائيا.
الكلمات المفتاحيه: الرهاب الاجتماعي. التدريب علا المهارات الاجتماعيه. تقليل
الحساسيه التدريجيء طلبه السنه الاولا.
مقدمه: تعد مرحله الدراسه الجامعيه من اهم المراحل التي
يمر بها الانسان المعاصر ضمن اطوار حياته المختلفه؛ ونظرا لما
يتمتع به طلبه السنه الاولا من خصوصيه؛ ان يمرون بمرحله
انتقاليه من المدرسه الا الجامعه. وما تتضمنه هذه الفتره من
تغييرات وصعوبات تعيق تفاعل الفرد وتكيفه. ينعكس اثرها علا
الطالب الجامعي. ويترافق ظهور اضطراب الرهاب الاجتماعي مع
نهايه مرحله المراهقه. حيث يكون الفرد حريصا علا ظهور اجتماعي
ملائم اثناء التفاعلات الاجتماعيه المختلفه. يمكنه من تقديم انطباع
ايجابي عن الذات oy SU الامر الذي يجعل الطلبه الجامعيين اكثر
عرضه للاصابه بهذا الاضطراب.
قسم علم النفس التربوي- كليه dy pill الجامعه Apo gl الزرقاءء الاردن.
** 3 قسم ple النفس الارشادي drole cs saris اليرموك.
حقوق الطبع محفوظه لجامعه cb ge yall اربدء الاردن.
dine من طلبه السنه الاولا في جامعه اليرموك
wee
تاريخ 419.8 19/11/2015
وقد شهدت السنوات العشرون الاخيره نموا مضطردا في
عدد الدراسات المنهجيه للرهاب الاجتماعي (Social Phobia) 
وهو ما يعرف Lagi باضطراب GUN الاجتماعي, نتيجه لتزايد حده
المتطلبات الاجتماعيه. وارتباط هذه المتطلبات بمواقف تقييم الفرد
وكفاءته. وقد اظهرت الدراسات عبر العقود الماضيه ان هذا
الاضطراب اكثر خطوره مما كان متوقعا ( Debora Turner, 
1 ويعد الرهاب الاجتماعي ثالث اكثر الاضطرابات النفسيه
انتشارا في الولايات المتحده الامريكيه (Antony Rowa, 
(2007.","المجله الاردنيه في العلوم التربويه
ويعد الشعور بالقلق في المواقف الاجتماعيه امرا شائعا حين
يكون الشخص محور الانتباه. ولكن القلق لا يكون شديدا الا
الدرجه التي تعيق القدره علا اداء المهمه المطلوبه في ذلك
الموقف. بل يعزز هذا القلق اداء الفرد بحيث يزيد اليقظه والتركيز
لديه. ولكن من يعانون من اضطراب القلق الاجتماعي يشعرون بقلق
شديد عند مواجهه هذه المواقف. وقد يقومون بتجنبها؛ OY 
التعرض لها قد يكون امرا مؤلما )1995 (Stein, 
ويعد اضطراب الرهاب الاجتماعي احد الاضطرابات النفسيه
المصنفه ضمن اضطرابات القلق التي وردت في الدليل التشخيصي
والاحصائي الخامس (Diagnostic and Statistical Manual of 
Mental Disorders DSM-V) وفي الدليل العاشر لتصنيف
الامراض النفسيه والعقليه (ICD-10) الصادر عن منظمه الصحه
العالميه(424 (American Psychiatrist Association (دباش,
وهناك العديد من التعريفات للرهاب الاجتماعي. فقد عرفته
منظمه الصحه العالميه (136.م ,1992 (WHO, بانه: اضطراب
قلق عام غالبا ما يبدا Gal الافراد في مرحله المراهقه؛ ان يتركز
خوفهم حول امعان الاخرين بالنظر gaged ويحدث اثناء تواجدهم
في المجتمعات الكبيرهء مما يؤدي بالفرد الا iat المواقف
الاجتماعيه. ويكون شائعا لدا الرجال والنساء .
ويعرفه الدليل التشخيصي الاحصائي الخامس للاضطرابات
العقليه الصادر عن الجمعيه الامريكيه للطب النفسي (DSM-V) 
بانه: الخوف المستمر من المواقف الاجتماعيه او مواقف cela) 
التي قد يتعرض فيها الفرد لتفحص من الاخرينء ويجعله يتصرف
بطريقه تسبب له شعورا بالخزي والعار او الارتباك او يبدي
اعراضا للقلق. تتسبب كذلك في معاناته من الخزي والعار او
الارتباك ,2013 
.p.202) .
(American Psychiatrist Association,
وبناء علا ما daw يعرف الباحثان اضطراب الرهاب
الاجتماعي بانه: احد اضطرابات القلق يتمثل بوجود حساسيه
مفرطه cul الفرد للانتقاد؛ مما يخلق لديه خوفا غير منطقي من
الظهور امام الاخرين في موقف اجتماعي محدد او مواقف اجتماعيه
متعدده؛ مما يؤدي في اغلب الاوقات الا ابتعاد المصاب عن الناس,
واقتصار علاقاته الاجتماعيه علا حلقه ضيقه من الاشخاص.
وهناك مجموعه من الاعراض التي تظهر علا المصابين
بالرهاب الاجتماعي عند التعرض للمواقف الاجتماعيه التي تثير
قلقهم, وهذه الاعراض تختلف من شخص الا اخرء فلا يعاني جميع
المصابين من نفس الاعراض الفسيولوجيه او السلوكيه (Debora 
Turner, 1998) . وفيما يلي بعض هذه الاعراض المصاحبه
للفرد المصاب بالرهاب الاجتماعي:
الاعراض المعرفيه
يدرك الفرد المصاب بالرهاب الاجتماعي ان ما يشعر به من
انزعاج غير منطقيء ولكن مع ذلك لا يستطيع ان يتجاهله. وتكون
اللاعقلانيه واضحه للفرد المصاب بالرهاب الاجتماعي وللافراد من
حوله ايضا. ولذلك؛ فان مواجهه المواقف الاجتماعيه ستكون مخيفه
بالنسبه pl ويميلون الا تفسير الاشياء بحوار ذاتي سلبي,
ويضعون لانفسهم معايير عاليه الاداء (1989 (Costin Juris, 
وتتضمن الاعراض المعرفيه افكار الفرد وتقييماته لذاته. والوعي
adel والاستغراق في الذاتء وتوقع الظهور بشكل لبق امام
الاخرين مع توقع استهجانهم, والانزعاج من النقد والملاحظات
السلبيه, والانشغال المتكرر بالمواقف الاجتماعيه الصعبه والمثيره
للقلق )1989 .(Baron, 
الاعراض السلوكيه
يتبنا الافراد المصابون بالرهاب الاجتماعي سلوكيات تتميز
في مجملها بتحقيق هدف مشتركء وهو محاوله التحكم في الموقف.
وخفض coins القلق. مثل: الهدوء وقله الحديث. والهروب من
المواقف الصعبه وتجنبها. وتعد السلوكيات الامنه احدا المكونات
السلوكيه للرهاب الاجتماعي. وهي اساليب متنوعه ومرتبطه بالتقييم
البصري اثناء الموقف الاجتماعي. وامساك الاشياء باحكام لاخفاء
ارتجاف cya وارتداء ملابس خفيفه حتا لا يحدث التعرق
.(Davey, 1999) 
الاعراض الفسيولوجيه
عند مواجهه المواقف الاجتماعيه تظهر علا الفرد بعض
الاعراض الجسميه. منها: احمرار الوجه. وارتعاش اليدين. والغثيان,
وتصبب العرق وسرعه ضربات lll وضيق التنفس. ويولي مرضا
الرهاب الاجتماعي الاعراض الجسميه اهميه ols لاعتقادهم ان
الاخرين يلاحظون هذه الاعراض. ويفسرونها كمؤشرات علا فشلهم
في تحقيق المعايير او المستويات المرغوبه من الاداء الاجتماعي.
وعلا الرغم من ان هذه الاعراض قد تظهر لدا بعض الافراد
العاديين الا ان الفرق يكون في شده هذه الاعراضء التي تكون اكثر
شده لدا الافرا اد ذوي الرهاب الاجتماعي (حسين. 2009).
(V عام )2013( نوع السياق الذي يخاف منه الفرد (الخوف من
واشار الا ان القلق قد ياخذ شكل نوبه ala وان مواقف الاداء
الاجتماعيه اما ان يتجنبها of capil تستمر مع قلق شديد. كما
وصف الخوف من عدد من المواقف الاجتماعيه بالرهاب الاجتماعي
العام Generalized Social Phobia) بدلا من اضطراب",ARPD,finalpdfs/86.pdf,"['الرهاب الاجتماعي', 'تدريب علا المهارات الاجتماعية', 'تقليل الحساسيه التدريجيء', 'طلبه السنه الاولا']"
