id,name,articles_count,articles_ids
AUTH_00001,نور النجار,8,"[1, 291, 570, 812, 1242, 1243, 1280, 1487]"
AUTH_00002,لانا عبد المولى العنزي,7,"[2, 326, 870, 1131, 1198, 1322, 1491]"
AUTH_00003,محمد عبود الحراحشة,17,"[2, 213, 243, 480, 516, 817, 905, 919, 933, 991, 1019, 1035, 1066, 1210, 1315, 1395, 1396]"
AUTH_00004,أمل مد الله الشعراء,4,"[3, 353, 558, 1056]"
AUTH_00005,ريتا سعيد,12,"[4, 255, 683, 895, 922, 1049, 1089, 1112, 1131, 1392, 1546, 1614]"
AUTH_00006,سلوى محسن العامري,14,"[5, 242, 331, 346, 658, 942, 1000, 1116, 1183, 1209, 1227, 1438, 1451, 1535]"
AUTH_00007,رحمة علي البدوي,12,"[6, 490, 597, 727, 868, 893, 1021, 1167, 1252, 1303, 1469, 1553]"
AUTH_00008,سيف ناصر المعمري,11,"[6, 377, 490, 559, 783, 952, 980, 1152, 1209, 1246, 1369]"
AUTH_00009,"أ.,tنفيسة سعيدة",11,"[25, 273, 323, 422, 611, 814, 1012, 1158, 1353, 1448, 1608]"
AUTH_00010,ديمة إبراهيم نوارة,14,"[26, 222, 510, 598, 622, 657, 823, 882, 941, 1117, 1190, 1221, 1247, 1593]"
AUTH_00011,منال حضيض الشاطري,12,"[27, 344, 545, 561, 648, 841, 857, 1113, 1169, 1450, 1490, 1615]"
AUTH_00012,"هاجر بنت فارس الشهري,أنفال بنت مسعود القحطاني,د. آمال فلمبان",15,"[28, 273, 305, 448, 455, 550, 572, 645, 766, 808, 875, 883, 928, 1199, 1534]"
AUTH_00013,يوسف محمود شاكر الشطي,8,"[29, 680, 714, 812, 840, 990, 1135, 1307]"
AUTH_00014,هلا العتيبي,14,"[30, 274, 517, 568, 569, 604, 641, 797, 903, 1276, 1284, 1379, 1510, 1530]"
AUTH_00015,"صالح خلف العنزي,رهام مساعد الجارالله,عبد المجيد علي الفريدي",8,"[31, 258, 594, 867, 978, 1010, 1184, 1303]"
AUTH_00016,Hussam Ahmad Hlaak,6,"[32, 216, 720, 812, 1074, 1457]"
AUTH_00017,Ali Alhousain Aleid,7,"[32, 628, 1157, 1168, 1200, 1289, 1464]"
AUTH_00018,Attia Al-Huseyin,6,"[32, 591, 818, 1363, 1364, 1483]"
AUTH_00019,Tarek Jarjoura Chahine,9,"[33, 488, 553, 665, 869, 914, 1278, 1288, 1313]"
AUTH_00020,AI Hexu,10,"[34, 494, 633, 825, 873, 994, 1120, 1366, 1546, 1619]"
AUTH_00021,Amera Eid Alsaadi,7,"[35, 277, 337, 696, 1058, 1533, 1607]"
AUTH_00022,Abubakr Eltigani Elhag,14,"[36, 238, 328, 329, 334, 335, 380, 535, 716, 851, 886, 1073, 1305, 1383]"
AUTH_00023,Rahaf Hmeed Alotaibi,9,"[37, 289, 375, 401, 926, 1129, 1249, 1305, 1354]"
AUTH_00024,Fatima kobibi Bendenia,10,"[37, 219, 598, 781, 791, 1026, 1148, 1155, 1160, 1446]"
AUTH_00025,Ahmed Chebli,9,"[38, 460, 600, 779, 931, 938, 972, 1214, 1394]"
AUTH_00026,Fatima Ali Abdullah Abbas,4,"[39, 542, 1079, 1603]"
AUTH_00027,Alia Ali Saeed Alketbi,6,"[40, 252, 542, 583, 807, 1600]"
AUTH_00028,Muhammad Hilmi Abdullah Jaafar,7,"[40, 567, 585, 631, 944, 1290, 1451]"
AUTH_00029,Faris Omar Batawi,6,"[41, 627, 747, 832, 1396, 1498]"
AUTH_00030,Doaa Hassan Toweirqie,7,"[41, 257, 564, 705, 961, 1399, 1537]"
AUTH_00031,Ashwaq Abdulhakeem Alsabaan,17,"[42, 473, 521, 550, 604, 740, 762, 764, 851, 903, 960, 1017, 1045, 1347, 1419, 1513, 1603]"
AUTH_00032,Sara Saad Al-Dawsari,15,"[43, 253, 327, 450, 646, 773, 1073, 1123, 1203, 1248, 1345, 1355, 1413, 1431, 1442]"
AUTH_00033,Sadiq Ali Mubarak Al-Shuwaikhat,7,"[43, 318, 366, 558, 618, 962, 1379]"
AUTH_00034,Samy Garad Abu Freach,6,"[44, 320, 414, 490, 1163, 1369]"
AUTH_00035,Jehad Faiz Al-Islam,12,"[45, 310, 365, 397, 539, 604, 767, 1087, 1320, 1361, 1390, 1488]"
AUTH_00036,Rayan Abdelazeem Haboub,9,"[46, 233, 374, 809, 852, 966, 1143, 1293, 1386]"
AUTH_00037,Khalid Hamid Bilal,10,"[46, 260, 576, 739, 759, 788, 805, 1113, 1242, 1372]"
AUTH_00038,Turki Mohammed Habkoor Almoharraq,11,"[47, 217, 245, 280, 592, 659, 714, 961, 1067, 1277, 1403]"
AUTH_00039,Mohamed Elzin Mohamed Ahmed Ibrahim,8,"[48, 58, 268, 596, 879, 1136, 1150, 1367]"
AUTH_00040,Mohamed El-Fazziki,11,"[49, 377, 385, 406, 426, 429, 543, 597, 733, 827, 1621]"
AUTH_00041,Fatima Ghmimed,12,"[49, 280, 452, 468, 505, 700, 777, 824, 907, 921, 1398, 1470]"
AUTH_00042,Jawad El-Bazwi,7,"[49, 449, 730, 884, 1118, 1181, 1585]"
AUTH_00043,Abdelouahed Bouberria,19,"[49, 54, 60, 244, 308, 449, 474, 687, 725, 823, 910, 989, 1252, 1268, 1276, 1310, 1395, 1568, 1612]"
AUTH_00044,Reda El-Yazidi,14,"[50, 324, 408, 423, 539, 550, 579, 701, 829, 913, 1289, 1435, 1501, 1526]"
AUTH_00045,Mohamed Hanafy Abdullah Morsy,11,"[51, 268, 288, 604, 714, 726, 1080, 1091, 1291, 1429, 1557]"
AUTH_00046,Assadik Ahmad Adam,7,"[52, 112, 658, 817, 1047, 1056, 1356]"
AUTH_00047,Mahamat Saleh Daway,9,"[52, 367, 497, 555, 786, 862, 1128, 1145, 1631]"
AUTH_00048,Rimah Mudawi Mansour,9,"[53, 281, 305, 422, 454, 774, 818, 920, 1560]"
AUTH_00049,Abdelhafid Hammimi,10,"[54, 425, 601, 616, 712, 757, 822, 896, 1413, 1517]"
AUTH_00050,Mohammed Abahrour,5,"[54, 345, 460, 1007, 1588]"
AUTH_00051,Mohammed Errafik,12,"[54, 234, 306, 340, 533, 671, 787, 912, 942, 1119, 1292, 1299]"
AUTH_00052,Wasaef Ali Bakhashwain,12,"[55, 309, 494, 702, 965, 1127, 1235, 1244, 1340, 1371, 1374, 1518]"
AUTH_00053,Lara Zainalabdien Serri,11,"[55, 338, 379, 414, 485, 620, 1022, 1118, 1213, 1302, 1525]"
AUTH_00054,Mohamed GadElmawla Owies,7,"[55, 483, 764, 1147, 1407, 1463, 1590]"
AUTH_00055,Mouza Said Al-Kharusi,12,"[56, 313, 328, 349, 458, 613, 863, 875, 1035, 1104, 1109, 1541]"
AUTH_00056,Ibrahim Youssif,11,"[57, 290, 307, 352, 410, 516, 607, 1117, 1207, 1286, 1343]"
AUTH_00057,Mariam Farhan Alfifi,13,"[59, 456, 461, 641, 692, 721, 876, 951, 997, 1093, 1161, 1402, 1620]"
AUTH_00058,Ghada Owaid Awad Al-Sahli,9,"[59, 304, 557, 645, 659, 956, 1245, 1268, 1299]"
AUTH_00059,Abdelilah El-Alami,13,"[60, 210, 236, 275, 301, 311, 632, 659, 819, 891, 1092, 1173, 1353]"
AUTH_00060,Jaouad El-Bazoui,6,"[60, 274, 323, 664, 1479, 1599]"
AUTH_00061,Khaldoun Abdul Samad,6,"[61, 280, 498, 1054, 1473, 1568]"
AUTH_00062,Ali Mohammed Qader,7,"[62, 472, 799, 1042, 1363, 1408, 1566]"
AUTH_00063,Ahmed Farouk Ali,13,"[63, 249, 310, 446, 522, 562, 727, 776, 984, 1078, 1203, 1337, 1569]"
AUTH_00064,Elsayed Eid,11,"[63, 328, 441, 471, 667, 728, 1014, 1040, 1092, 1125, 1618]"
AUTH_00065,Heba Alhadad,6,"[63, 250, 336, 472, 1020, 1429]"
AUTH_00066,Inaam Eid Mohammad Zaatrh,11,"[64, 283, 531, 582, 606, 608, 954, 970, 973, 1386, 1511]"
AUTH_00067,Iyad Selim AbdulRazzaq Alhallaq,6,"[64, 275, 389, 1288, 1376, 1426]"
AUTH_00068,Mohamed Senhaji,7,"[66, 906, 975, 1105, 1253, 1287, 1290]"
AUTH_00069,Mohamed Abahrour,8,"[66, 577, 649, 767, 1201, 1375, 1465, 1604]"
AUTH_00070,Mostafa Hmamouchi,13,"[66, 330, 363, 423, 634, 638, 741, 877, 924, 1004, 1170, 1272, 1523]"
AUTH_00071,Younes Abahrour,11,"[66, 371, 426, 460, 606, 831, 1154, 1174, 1311, 1509, 1544]"
AUTH_00072,Mohammed Elsmani Abdelrahman,11,"[67, 220, 298, 480, 751, 851, 1211, 1310, 1326, 1419, 1492]"
AUTH_00073,Hind Saad Alrashid,7,"[68, 288, 525, 610, 979, 983, 1218]"
AUTH_00074,Sekina Mohamed Mohamed Abd El Halim,12,"[69, 223, 341, 350, 804, 971, 1292, 1293, 1296, 1433, 1466, 1570]"
AUTH_00075,Amal Abdelaziz Mohamed Ghazy,7,"[69, 232, 939, 1043, 1120, 1251, 1347]"
AUTH_00076,Manal Eid Sanusi Abjabal,6,"[70, 570, 746, 1215, 1454, 1501]"
AUTH_00077,Foton Fouad Abdulkadir Fayoumi,6,"[70, 239, 322, 1095, 1171, 1568]"
AUTH_00078,Rayan AbdulAziz Iraqi,14,"[71, 388, 451, 584, 758, 846, 848, 927, 1048, 1338, 1383, 1401, 1506, 1544]"
AUTH_00079,Shaheen Sulaiman Al-Abdali,15,"[71, 313, 492, 520, 614, 814, 1152, 1167, 1182, 1217, 1396, 1518, 1584, 1596, 1604]"
AUTH_00080,Mansour Talal Abid Alansari,13,"[71, 225, 335, 418, 556, 670, 805, 929, 1200, 1316, 1389, 1501, 1514]"
AUTH_00081,Shaker Abdullah Alsharif,7,"[72, 689, 825, 836, 1356, 1388, 1411]"
AUTH_00082,Osama Matar,13,"[73, 256, 370, 416, 478, 526, 646, 722, 747, 964, 1075, 1128, 1575]"
AUTH_00083,Reem Jawabreh,10,"[73, 419, 426, 515, 720, 816, 854, 946, 1322, 1540]"
AUTH_00084,Haya Radwan,8,"[73, 269, 867, 910, 997, 1015, 1281, 1343]"
AUTH_00085,Abedelrahman Alhajhamad,11,"[73, 226, 312, 410, 524, 554, 820, 900, 945, 1532, 1578]"
AUTH_00086,Mohammad Ayyash,6,"[73, 384, 642, 953, 1232, 1296]"
AUTH_00087,Sherin Kaleef,5,"[73, 600, 1239, 1258, 1440]"
AUTH_00088,Thaher Gharabeh,5,"[73, 532, 770, 935, 1131]"
AUTH_00089,Ashraf Abualrob,11,"[73, 218, 245, 346, 413, 677, 802, 843, 943, 1086, 1221]"
AUTH_00090,Aseel Halabi,11,"[73, 330, 625, 700, 871, 958, 1077, 1138, 1233, 1502, 1531]"
AUTH_00091,Diya Abu Shomer,8,"[73, 325, 338, 342, 546, 777, 834, 1602]"
AUTH_00092,Basheer Saleh Abdallah,8,"[74, 318, 618, 950, 986, 1340, 1538, 1569]"
AUTH_00093,Brooj Nasser Abdullah Alsaqer,8,"[75, 377, 393, 426, 679, 1190, 1472, 1516]"
AUTH_00094,Salem Khalil Nassr,8,"[76, 303, 355, 446, 819, 1099, 1129, 1433]"
AUTH_00095,Doaa Zayed,11,"[76, 253, 676, 795, 801, 1035, 1094, 1378, 1389, 1392, 1481]"
AUTH_00096,Khalid Ismail Nayif Al-Hamadani,6,"[77, 580, 675, 1313, 1336, 1471]"
AUTH_00097,Abdulkarim Mohammad Alseadoon,11,"[78, 250, 262, 331, 352, 382, 758, 794, 821, 1179, 1527]"
AUTH_00098,Geoffrey Nash,8,"[78, 392, 698, 985, 1165, 1331, 1577, 1593]"
AUTH_00099,Badereldin Ali Hamed Mohammed,7,"[79, 857, 931, 1034, 1103, 1162, 1238]"
AUTH_00100,Nadha Mutlaq ALbogami,14,"[80, 242, 259, 261, 265, 323, 375, 544, 567, 848, 888, 1198, 1437, 1632]"
AUTH_00101,Hakima Mansour Ahmed Khoshafah,15,"[81, 228, 266, 296, 301, 402, 486, 580, 644, 690, 805, 872, 948, 1197, 1248]"
AUTH_00102,Hameed Aadm Ali Qushaimh,12,"[82, 264, 286, 366, 593, 731, 908, 947, 1110, 1141, 1165, 1415]"
AUTH_00103,Habiba Nakhli,11,"[85, 225, 230, 267, 534, 625, 830, 1063, 1428, 1494, 1499]"
AUTH_00104,Samar Gamal Al-Habbari,12,"[86, 377, 560, 574, 672, 811, 1016, 1272, 1277, 1325, 1363, 1367]"
AUTH_00105,Bandar Abdullah Al-Saud,10,"[87, 375, 654, 881, 907, 910, 934, 1106, 1185, 1235]"
AUTH_00106,Abdulhamid Abdurahman Al-Abduljabbar,5,"[87, 447, 737, 924, 1594]"
AUTH_00107,Maha Dahawi Al-Shamari,14,"[88, 326, 357, 390, 418, 541, 678, 1159, 1167, 1342, 1387, 1455, 1574, 1611]"
AUTH_00108,Yuan Linxian,3,"[89, 400, 1197]"
AUTH_00109,Adel Ahmed Abdullah Al-Mekhlafy,10,"[90, 391, 473, 477, 540, 600, 1141, 1179, 1332, 1547]"
AUTH_00110,Abdusalam Mohammed Ghaleb Al-Ghrafy,10,"[90, 421, 688, 702, 979, 1229, 1352, 1447, 1513, 1570]"
AUTH_00111,Suhair Adel Abdulamir,11,"[91, 419, 519, 545, 961, 1191, 1357, 1430, 1553, 1586, 1622]"
AUTH_00112,Suad Mawloud Zali,13,"[92, 647, 660, 836, 939, 1085, 1226, 1229, 1319, 1421, 1508, 1564, 1627]"
AUTH_00113,Hala Ali Fergany,8,"[93, 240, 1381, 1423, 1461, 1563, 1574, 1587]"
AUTH_00114,Amani Saeed Alghamdi,11,"[93, 285, 317, 335, 752, 784, 996, 1321, 1470, 1474, 1545]"
AUTH_00115,Amsha Zayed Almutairi,12,"[93, 233, 518, 603, 859, 1022, 1273, 1412, 1436, 1471, 1483, 1555]"
AUTH_00116,Muhammad Saud Al-Khathlan,6,"[94, 259, 1151, 1216, 1489, 1580]"
AUTH_00117,Turki Abdel Aziz Al-Turki,4,"[94, 302, 404, 743]"
AUTH_00118,Anwar Ibrahim Al-Afnan,10,"[94, 292, 639, 729, 730, 820, 1011, 1070, 1168, 1431]"
AUTH_00119,Bandar Abdullah Al-Zoghaibi,6,"[94, 639, 999, 1184, 1291, 1474]"
AUTH_00120,AbdulRahman Zabin Al-Mutairi,10,"[94, 264, 278, 287, 427, 695, 1071, 1284, 1338, 1425]"
AUTH_00121,Ibrahim Mohamed Bagader,7,"[94, 336, 571, 855, 975, 988, 1571]"
AUTH_00122,Raghad AbdelKarim Abdo,15,"[94, 302, 309, 353, 458, 484, 547, 593, 603, 994, 1102, 1104, 1115, 1240, 1323]"
AUTH_00123,Safia Mohammed Al-Dosari,11,"[94, 391, 400, 500, 549, 595, 643, 698, 1026, 1080, 1207]"
AUTH_00124,Abdullah Zabin Al-Mutairi,15,"[94, 246, 354, 357, 367, 682, 800, 868, 892, 1114, 1126, 1148, 1233, 1293, 1448]"
AUTH_00125,Wafaa Daoud Al-Jareed,8,"[94, 590, 646, 666, 771, 1416, 1485, 1504]"
AUTH_00126,Youssef Saleh Al-Haidan,7,"[94, 313, 574, 578, 992, 1081, 1215]"
AUTH_00127,Amal Mohamed Toheri,5,"[97, 589, 796, 864, 988]"
AUTH_00128,Mahmoud Jamal Rayyan,7,"[99, 216, 310, 333, 621, 811, 1397]"
AUTH_00129,Khalid Hadi Hameed Al-Jourany,11,"[100, 319, 405, 479, 493, 589, 702, 817, 835, 1543, 1595]"
AUTH_00130,Mahasin Abdulqadir Hasan,16,"[101, 233, 368, 523, 659, 789, 844, 936, 1045, 1046, 1177, 1230, 1272, 1528, 1608, 1615]"
AUTH_00131,Mohammed Asaad Diab Ewaiwi,10,"[102, 470, 594, 619, 869, 887, 902, 1295, 1455, 1632]"
AUTH_00132,Manal Naji Khaleel,11,"[103, 280, 538, 560, 588, 686, 735, 780, 863, 1127, 1149]"
AUTH_00133,Imtithal Mergny Mohammed Ahmed,9,"[104, 684, 813, 833, 961, 991, 1097, 1131, 1525]"
AUTH_00134,Afra Hashim Abdelateef,11,"[104, 386, 477, 647, 662, 703, 824, 963, 1153, 1312, 1348]"
AUTH_00135,Ali Gharamah Alshehri,10,"[106, 234, 314, 326, 608, 670, 918, 1102, 1460, 1478]"
AUTH_00136,AbdulJabbar Ahmed Al-Amlah,14,"[107, 273, 328, 343, 586, 626, 703, 760, 768, 806, 865, 1072, 1101, 1427]"
AUTH_00137,Mshari Matar Alshamari,10,"[108, 215, 271, 279, 312, 816, 890, 1012, 1050, 1592]"
AUTH_00138,Abdullah Salem Alzou’bi,7,"[108, 349, 380, 471, 1154, 1217, 1294]"
AUTH_00139,Iman Madallah Althbeitat Alamro,9,"[109, 361, 375, 386, 797, 1082, 1441, 1489, 1627]"
AUTH_00140,Oula Ali Hakeem,8,"[110, 488, 724, 808, 983, 1231, 1318, 1377]"
AUTH_00141,Sarra Al-Habib Ouerghi,6,"[110, 399, 903, 930, 957, 1033]"
AUTH_00142,Ahmed Ali Al-Abed Al-Azeez,9,"[111, 325, 362, 1097, 1282, 1344, 1358, 1498, 1516]"
AUTH_00143,Yaseen Ali Al-Maqosi,7,"[111, 745, 942, 947, 1005, 1250, 1583]"
AUTH_00144,Omar Mahmoud Nattouf,10,"[113, 392, 410, 484, 543, 602, 663, 759, 858, 1380]"
AUTH_00145,Mohammad Mahmoud Amer,6,"[113, 455, 614, 843, 871, 1384]"
AUTH_00146,Nader Mahmoud Taffach,17,"[114, 272, 297, 407, 412, 466, 587, 605, 699, 889, 1090, 1137, 1206, 1298, 1360, 1554, 1626]"
AUTH_00147,Haneen Shaker Al- Sharif,12,"[115, 366, 620, 624, 732, 740, 1069, 1163, 1501, 1565, 1579, 1587]"
AUTH_00148,Saad Jihad ATTIYA,14,"[116, 395, 477, 519, 530, 630, 815, 929, 962, 1029, 1121, 1276, 1280, 1545]"
AUTH_00149,"Dema Ahmad Al-shakh, Mohamed Deribati, Ahmad Younso",5,"[119, 378, 640, 1186, 1468]"
AUTH_00150,"Malik Rehab Al- Azza, Ezzat Moh’d Hijab",15,"[120, 226, 463, 602, 784, 876, 1000, 1090, 1097, 1186, 1309, 1420, 1439, 1495, 1615]"
AUTH_00151,"Bassam Khaled Al- Shawi, Zainab Walid Hayek",3,"[121, 276, 1434]"
AUTH_00152,Najeya Ali Rashid Alkharji,8,"[122, 743, 815, 1142, 1151, 1405, 1408, 1555]"
AUTH_00153,"Hadeel Mohammad Darwish, Muhammad Mazyad Drybati, Mounzer Hasan Boubou",9,"[123, 356, 417, 650, 678, 773, 875, 1120, 1134]"
AUTH_00154,"Rana M.Salah Eddin Mousa, Ali Muhammed Asa'ad",8,"[124, 643, 713, 756, 883, 1274, 1370, 1631]"
AUTH_00155,Omar Issa Fatafta,11,"[125, 267, 289, 397, 612, 614, 903, 1193, 1327, 1405, 1548]"
AUTH_00156,"Hasan Morshed Al-Mohamad, Isam Derar Al-Kousa",6,"[126, 455, 470, 647, 1420, 1448]"
AUTH_00157,"Basheer Thabit Mohammed, Lateef Mahmoud Mohammed Al-Ghariri",12,"[127, 279, 473, 499, 746, 785, 792, 799, 1082, 1161, 1164, 1475]"
AUTH_00158,Mohamed Salem Harsha,12,"[128, 332, 365, 559, 693, 859, 923, 999, 1129, 1136, 1156, 1305]"
AUTH_00159,"Mohamed Bashir Harba, Zamri Arifin, Hakim Zainal",12,"[129, 241, 736, 836, 861, 915, 955, 1187, 1189, 1213, 1228, 1626]"
AUTH_00160,Sara Hassan Saeed Alzahrani,6,"[130, 263, 751, 752, 1026, 1153]"
AUTH_00161,Hamzah Abed-Alsalam Al-Khatatneh,10,"[131, 290, 312, 706, 857, 1119, 1188, 1341, 1527, 1614]"
AUTH_00162,Kawthar Muhammed Ali Jabara,7,"[133, 444, 457, 484, 841, 887, 976]"
AUTH_00163,"Leena Ali Al-Jarrah, Mustafa Hasan Alqudah",9,"[135, 393, 415, 820, 898, 1314, 1373, 1412, 1486]"
AUTH_00164,Wadha Ahmad Mossad Al-Wargash,9,"[138, 404, 467, 490, 565, 719, 959, 1076, 1214]"
AUTH_00165,Eisa Rabeeh Ahmad,11,"[139, 284, 293, 368, 376, 843, 954, 1114, 1136, 1571, 1609]"
AUTH_00166,Awadh Ahmed Hasan,21,"[140, 211, 235, 325, 340, 373, 489, 636, 640, 710, 758, 837, 917, 940, 1024, 1093, 1337, 1341, 1387, 1524, 1630]"
AUTH_00167,Hosam Mohammad Al-Btoosh,8,"[141, 401, 522, 615, 702, 815, 1322, 1414]"
AUTH_00168,Abdallah Ali Althory,8,"[143, 348, 391, 901, 1054, 1055, 1121, 1416]"
AUTH_00169,Ibrahem Humaidan Al- Mutairi,10,"[144, 222, 551, 657, 821, 936, 1079, 1250, 1481, 1493]"
AUTH_00170,Yaseen Ali Al- Maqosi,12,"[145, 290, 637, 685, 758, 776, 782, 864, 1019, 1072, 1377, 1519]"
AUTH_00171,Sherefah Ibrahim Bintaleb,6,"[146, 315, 455, 558, 1091, 1573]"
AUTH_00172,"Frahan Ibrahim Al- Shammary, Yaseen Ali Al- Maqosi",13,"[147, 217, 434, 556, 634, 699, 701, 995, 1064, 1223, 1351, 1410, 1452]"
AUTH_00173,"Salih Shuaib Salih, Maha Ahmed Ismail",15,"[148, 428, 560, 656, 1001, 1013, 1018, 1025, 1088, 1224, 1266, 1298, 1502, 1560, 1576]"
AUTH_00174,"Odai Ahmad Qaqish, Mohammad Hashem Al-Momani",7,"[149, 305, 689, 880, 1022, 1404, 1442]"
AUTH_00175,"Sahli Djelloul, Khaldi Hicham",8,"[151, 247, 845, 847, 958, 1100, 1268, 1577]"
AUTH_00176,Elshahat Anwar Barakat,17,"[153, 366, 456, 524, 607, 609, 661, 684, 763, 933, 1130, 1168, 1225, 1319, 1364, 1538, 1606]"
AUTH_00177,Fahad Ahmad Apopakr Almalki,6,"[155, 772, 837, 1053, 1477, 1589]"
AUTH_00178,Fahad Khamis Ahmad Al-Fahdi,11,"[156, 282, 315, 688, 849, 857, 874, 1013, 1078, 1178, 1456]"
AUTH_00179,Othman Rashid Majeed,13,"[158, 249, 347, 503, 599, 615, 802, 943, 983, 1041, 1317, 1449, 1509]"
AUTH_00180,Emad Hamdy Abdelsamed Abdelhamed,7,"[159, 617, 878, 1011, 1208, 1292, 1393]"
AUTH_00181,Sami Mohammed Alqam,12,"[160, 273, 655, 767, 913, 1018, 1065, 1107, 1211, 1350, 1401, 1443]"
AUTH_00182,"Mamoun Abdelouahab, Tehirichi Abdelhafid",11,"[161, 420, 651, 654, 739, 894, 1025, 1034, 1071, 1165, 1279]"
AUTH_00183,Awwad Ahmad Aldandan,13,"[162, 683, 826, 849, 1088, 1218, 1228, 1381, 1455, 1507, 1510, 1548, 1614]"
AUTH_00184,Alaa Taref Garibeh,6,"[163, 285, 291, 453, 1028, 1346]"
AUTH_00185,Ahmad Abdalkareem Al- Molqi,10,"[164, 281, 295, 790, 1070, 1368, 1417, 1437, 1482, 1605]"
AUTH_00186,Ahmed Mohammad Albzour,10,"[166, 421, 429, 477, 769, 874, 928, 1068, 1361, 1406]"
AUTH_00187,Sarah Abdullah Alsabih,13,"[167, 212, 270, 295, 528, 575, 715, 948, 1087, 1096, 1146, 1372, 1551]"
AUTH_00188,Tamam Hamad Almnaizl,11,"[168, 367, 413, 422, 496, 538, 657, 761, 876, 960, 1001]"
AUTH_00189,Mohammed Yamani Mebirik,10,"[169, 246, 323, 842, 856, 916, 977, 1035, 1362, 1454]"
AUTH_00190,Awad Mufleh Alkhazam,16,"[170, 227, 285, 304, 360, 364, 464, 566, 619, 638, 717, 972, 1221, 1308, 1416, 1418]"
AUTH_00191,Osama Mohamed El- Shishiny,15,"[172, 398, 409, 517, 742, 866, 937, 981, 1008, 1057, 1140, 1180, 1303, 1306, 1520]"
AUTH_00192,Soha Ali Salamah,9,"[176, 438, 793, 853, 892, 894, 926, 1237, 1529]"
AUTH_00193,Huda Qism Allah Mustafa,7,"[178, 224, 403, 551, 1084, 1117, 1339]"
AUTH_00194,Laila Othman Abdalla,10,"[179, 424, 635, 732, 956, 1044, 1076, 1462, 1550, 1599]"
AUTH_00195,Mahmoud Khalif Khudair Obaid Hayani,7,"[180, 300, 458, 787, 895, 1139, 1274]"
AUTH_00196,"Norah Abdullah Al-Sohebani, Amal Othman Al- Atta",8,"[182, 396, 404, 796, 986, 1499, 1502, 1625]"
AUTH_00197,Mohammed Babiker Alawad,6,"[183, 629, 778, 904, 1181, 1304]"
AUTH_00198,"Abu Haneefa Omer AlShareef Ali Omer, Entesar Mahdadi Abdallah ElSiddig",12,"[184, 311, 329, 359, 442, 614, 771, 836, 989, 1092, 1205, 1476]"
AUTH_00199,Deeaa Hussin Mouheb Aldeen,10,"[185, 552, 623, 651, 697, 1093, 1245, 1309, 1396, 1552]"
AUTH_00200,Afrah Mohsen Al-salmi,15,"[186, 229, 443, 453, 602, 846, 891, 904, 1075, 1158, 1172, 1241, 1449, 1475, 1610]"
AUTH_00201,Najat Amhamad Hussein,9,"[189, 563, 783, 807, 835, 1194, 1196, 1432, 1480]"
AUTH_00202,Eman B. F. Al-Zbon,5,"[190, 876, 897, 911, 1536]"
AUTH_00203,Professor Dr. Yusra Al-Hasban,10,"[190, 381, 471, 536, 552, 611, 982, 998, 1009, 1308]"
AUTH_00204,Abdullah A. K. Dandan,10,"[191, 228, 487, 850, 993, 1094, 1315, 1325, 1424, 1505]"
AUTH_00205,Yousef Bani Yassin,15,"[191, 299, 385, 581, 785, 839, 1059, 1108, 1133, 1345, 1376, 1471, 1508, 1512, 1534]"
AUTH_00206,Liwaa Khalil Al-Dasouqi,8,"[192, 225, 351, 481, 678, 1077, 1512, 1621]"
AUTH_00207,alaa harahsheh,11,"[193, 504, 630, 674, 681, 733, 911, 1176, 1204, 1273, 1547]"
AUTH_00208,Ziyad M. Al-Gonmeen,4,"[193, 549, 886, 1234]"
AUTH_00209,Zaid Daher Khalaf Hazaimeh,15,"[194, 239, 457, 462, 495, 533, 564, 635, 878, 1060, 1132, 1171, 1190, 1400, 1484]"
AUTH_00210,Yassin Ali Al-Maharmeh,10,"[196, 251, 332, 633, 727, 993, 1276, 1378, 1453, 1582]"
AUTH_00211,Raed Ahmad Al-Karimeen,9,"[198, 739, 888, 996, 1004, 1107, 1202, 1354, 1611]"
AUTH_00212,Musalm Al-Shorofat,10,"[199, 465, 485, 508, 536, 911, 923, 1023, 1271, 1365]"
AUTH_00213,Mahmoud Al-Meqdadi,10,"[199, 321, 412, 537, 594, 885, 1016, 1310, 1375, 1601]"
AUTH_00214,Mohammed Al-Hawamdeh,9,"[199, 209, 214, 673, 816, 1013, 1098, 1108, 1124]"
AUTH_00215,Faten M. Abu Salah,12,"[200, 461, 619, 693, 697, 750, 885, 1081, 1175, 1459, 1460, 1564]"
AUTH_00216,Mohammad AlZboon,11,"[200, 361, 529, 652, 718, 778, 1162, 1414, 1520, 1549, 1616]"
AUTH_00217,sohaib alrefai,7,"[201, 208, 461, 1220, 1222, 1521, 1617]"
AUTH_00218,Israa A. Al-Adwan,15,"[202, 249, 308, 343, 562, 694, 723, 768, 805, 810, 910, 1006, 1192, 1391, 1463]"
AUTH_00219,Ferial Abu Awwad,12,"[202, 248, 358, 471, 668, 694, 848, 1058, 1107, 1187, 1377, 1496]"
AUTH_00220,Shorouq H. Al-Amash,15,"[203, 485, 535, 734, 816, 893, 1006, 1062, 1089, 1098, 1111, 1205, 1511, 1572, 1615]"
AUTH_00221,Hamoud M. Al-Olimat,8,"[203, 293, 535, 632, 679, 1182, 1445, 1453]"
AUTH_00222,Mamoun Al-Zbon,12,"[203, 667, 678, 803, 831, 835, 966, 1180, 1430, 1518, 1542, 1614]"
AUTH_00223,alia Al-oweidi,14,"[204, 309, 413, 482, 821, 1005, 1069, 1172, 1186, 1233, 1297, 1330, 1424, 1588]"
AUTH_00224,Randa A. Barakat,8,"[204, 383, 704, 979, 1030, 1046, 1544, 1569]"
AUTH_00225,Muhammad Ali Alhayek,6,"[205, 298, 335, 1016, 1059, 1325]"
AUTH_00226,Dhaifallah Aleimat,6,"[205, 237, 272, 685, 828, 899]"
AUTH_00227,Safa Al Olimat,16,"[206, 509, 573, 887, 1051, 1204, 1224, 1283, 1371, 1385, 1388, 1409, 1458, 1480, 1503, 1556]"
