article_id,title,title_en,abstract_ar,abstract_en,general_field,field,authors,authors_en,publish_date,source,page1,page2,page1_token_count,page2_token_count
759,مهارات التدريس من اجل الإبداع والاتجاه نحو مهنة التدريس,Teaching Skills for Creativity and Orientation towards Teaching Profession,هدف البحث إلى بناء برنامج اثرائي في ضوء التعلم القائم على السيناريو لتنمية مهارات التدريس من أجل الإبداع والاتجاه نحو مهنة التدريس لدي طلاب شعب العلوم بكلية التربية. ولتحقيق هذا الهدف اتبعت الباحثتان الإجراءات التالية: إعداد قائمة بمهارات التدريس من أجل الإبداع المناسبة لدي طلاب شعب العلوم بكلية التربية، ثم إعداد البرنامج في ضوء التعلم القائم على السيناريو لتنمية مهارات التدريس من أجل الإبداع والاتجاه نحو مهنة التدريس، ثم إعداد أدوات التقويم المتمثلة في: مقياس مهارات التدريس من أجل الإبداع ومقياس الاتجاه نحو مهنة التدريس، ثم التجريب الميداني، وصولا إلى رصد البيانات ومعالجتها احصائيًا للتوصل إلى النتائج وتفسيرها ومناقشتها.,"The aim of the research was to build an innovative program based on scenario-based learning to develop teaching skills for creativity and orientation towards the teaching profession for science students at the Faculty of Education. To achieve this goal, the researchers followed the following procedures: preparing a list of teaching skills for creativity suitable for science students at the Faculty of Education, then preparing the program based on scenario-based learning to develop teaching skills for creativity and orientation towards the teaching profession, then preparing evaluation tools represented by: the creativity teaching skills scale and the orientation towards the teaching profession scale, then field testing, and finally recording the data and statistically processing it to reach the results and interpret and discuss them.",Art,,"[""د/ هبة فؤاد سيد فؤاد"", ""د/ أمانى محمد عبد الحميد أبوزيد""]",,,ARPD,"المجلة المصربة للتربية العلمية المجلد الخامس والعشرون العدد الثانى إبريل ١7١٠م‏

مهارات التدريس من اجل الإبداع والاتجاه نحو مهنه
التدريس لدي طلاب شعب العلوم بكلية التربية

إعداد
د/ هبة فؤاد سيد فؤاد
أستاذ المناهج وطرق تدريس العلوم المساعد
‎hebafoaad @ edu.asu.edu.eg‏

د/ أمانى محمد عبد الحميد أبوزيد
أستاذ المناهج وطرق تدريس العلوم المساعد
‎Amany_abuzied @ edu.asu.edu.eg‏

رقم الإيداع: 481 ؟ 914 — 2536 ‎E. ISSN: 2735-4245 ISSN:‏
المجلة معرفة علي دوريات بنك المعرفة المصرىء» و ‎Edu Search‏ دار المنظومة

١ ‏ه..‎","المجلة المصربة للتربية العلمية المجلد الخامس والعشرون العدد الثانى إبريل ١7١٠م‏

برنامج اثرائي في ضوء التعلم القائم على السيناريو لتنمية مهارات
التدريس من أجل الإبداع والاتجاه نحو مهنة التدريس لدي طلاب شعب
العلوم بكلية التربية

د. هبة فؤاد سيد فؤاد *

المستخلص:

هدف البحث إلى بناء برنامج اثرائي في ضوء التعلم القائم على السيناريو لتنمية
مهارات التدريس من أجل الإبداع والاتجاه نحو مهنة التدريس لدي طلاب شعب العلوم
بكلية التربية. ولتحقيق هذا الهدف اتبعت الباحثتان الإجراءات التالية: إعداد قائمة بمهارات
التدريس من أجل الإبداع المناسبة لدي طلاب شعب العلوم بكلية التربية» ثم إعداد البرنامج
في ضوء التعلم القائم على السيناريو لتنمية مهارات التدريس من أجل الإبداع والاتجاه
نحو مهنة التدريسء إعداد أدوات التقويم المتمثلة في: مقياس مهارات التدريس من أجل
الإبداع ومقياس الاتجاه نحو مهنة التدريسء ثم التجريب الميداني» وصولا إلى رصد
البيانات ومعالجتها احصائيًا للتوصل إلى النتائج وتفسيرها ومناقشتها. وتوصل البحث إلى
أجل الإبداع والاتجاه نحو مهنة التدريس لدي طلاب شعبتي الكيمياء والبيولوجي بكلية

الكلمات المفتاحية: التعلم القائم على السيناريو - مهارات التدريس من أجل الإبداع -
الاتجاه نحو مهنة التدريس.

* أستاذ مساعد المناهج وطرق تدريس العلوم» كلية ‎ill‏ جامعة عين شمس.
‎Stal”‏ مساعد المناهج وطرق تدريس العلوم» كلية التربية» جامعة عين شمس.
رقم الإيداع: 4371 ؟ 914 — 2536 ‎E. ISSN: 2735-4245 ISSN:‏
المجلة معرفة علي دوريات بنك المعرفة المصرىء» و ‎Edu Search‏ دار المنظومة
‎yet‏",217,577
210,فلسفة بناء المنهج متعدد التنخصصات(اكتشف) وأثره في تنمية مهارات استخدام التقويم البديل والاتجاه نحو حركات إصلاح مناهج العلوم وأداء تلاميذهم,Philosophy of Building the Multidisciplinary Curriculum (Discover) and Its Impact on Developing Skills in Using Alternative Assessment and Tendency towards Reforming Science Curricula and Students' Performance,"علي تنمية مهارات استخدم التقويم «hall والاتجاه نحو حركات إصلاح تعلم العلوم, وقياس أثر ذلك علي أداء cadre واعتمد البحث المنهج التجريبي ذو التصميم القائم علي المجموعة الواحدة والتي تكونت من Lies )١15( وعلي التصميم ذو المجموعتين الضابطة والتجريبية لقياس أداء عينة( )١ تلميذاً بإدارة أسيوط التعليمية» وتضمنت أدوات البحث بطاقة ملاحظة مهارات استخدام المعلمين للتقويم البديل» ومقياس اتجاه المعلمين نحو حركات إصلاح التعليم» ومقياس تقدير ثم تطبيق أدوات البحث cae وقد أظهرت نتائج البحث وجود فروق GIS دلالة إحصائية بين متوسطات درجات معلمي المرحلة الابتدائية في التطبيقين القبلي والبعدي في كل من مقياس الاتجاه وبطاقة ملاحظة مهارات استخدام التفويم البديل لصالح التطبيق البعدي, ووجود فرق دال إحصائيا بين متوسطي درجات تلاميذ المجموعتين التجريبية( تلاميذ المعلمين المتدربين) والضابطة في التطبيق البعدي لمقياس تقدير الأداء لصالح المجموعة التجريبية","The study aimed to develop skills in using alternative assessment and the tendency towards reforming science curricula and students' performance. The experimental research design was used,",Agricultural,,[],,,ARPD,"المجلة المصرية للتربية العلمية المجلد الخامس والعشرون العدد الرابع أكتوبر ‎AYO YY‏

فلسفة بناء المنهج متعدد التنخصصات(اكتشف) وأثره في
تنمية مهارات استخدام التقويم البديل والاتجاه نحو حركات
إصلاح مناهج العلوم وأداء تلاميذهم

إعداد
د/ سماح أحمد حسين محمد
مدرس المناهج وطرق تدريس العلوم (الكيمياء)
كلية التربية- جامعة أسيوط
‎samah.mohamed1 @ edu.aun.edu.eg‏

رقم الإيداع: 481 ؟ 914 — 2536 ‎E. ISSN: 2735-4245 ISSN:‏
المجلة معرفة علي دوريات بنك المعرفة المصرىء» و ‎Edu Search‏ دار المنظومة

AY","المجلة المصرية للتربية العلمية المجلد الخامس والعشرون العدد الرابع أكتوبر ‎AYO YY‏

برنامج تدريبي مقترح لمعلمي المرحلة الابتدائية قائم علي فلسفة بناء
المنهج متعدد التخصصات(اكتشف) وأثره في تنمية مهارات استخدام
‎ay sitll‏ البديل والاتجاه نحو حركات إصلاح مناهج العلوم وأداء تلاميذهم
د/ ‎daa) Clow‏ حسين محمد *

المستخلص:

علي تنمية مهارات استخدم التقويم ‎«hall‏ والاتجاه نحو حركات إصلاح تعلم
العلوم, وقياس أثر ذلك علي أداء ‎cadre‏ واعتمد البحث المنهج التجريبي ذو
التصميم القائم علي المجموعة الواحدة والتي تكونت من ‎Lies )١15(‏ وعلي
التصميم ذو المجموعتين الضابطة والتجريبية لقياس أداء عينة( ‎)١‏ تلميذاً بإدارة
أسيوط التعليمية» وتضمنت أدوات البحث بطاقة ملاحظة مهارات استخدام المعلمين
للتقويم البديل» ومقياس اتجاه المعلمين نحو حركات إصلاح التعليم» ومقياس تقدير
ثم تطبيق أدوات البحث ‎cae‏ وقد أظهرت نتائج البحث وجود فروق ‎GIS‏ دلالة
إحصائية بين متوسطات درجات معلمي المرحلة الابتدائية في التطبيقين القبلي
والبعدي في كل من مقياس الاتجاه» وبطاقة ملاحظة مهارات استخدام التفويم البديل
لصالح التطبيق البعدي, ووجود فرق دال إحصائيا بين متوسطي درجات تلاميذ
المجموعتين التجريبية( تلاميذ المعلمين المتدربين) والضابطة في التطبيق البعدي
لمقياس تقدير الأداء لصالح المجموعة التجريبية

الكلمات المفتاحية: البرنامج التدريبي - المناهج متعددة التخصصات- إصلاح مناهج

العلوم- التكامل- مهارات استخدام التقويم البديل- أداء التلاميذ.

* مدرس المناهج وطرق تدريس العلوم (الكيمياء) - كلية التربية - جامعة أسيوط

رقم الإيداع: 481 ؟ 914 — 2536 ‎E. ISSN: 2735-4245 ISSN:‏
المجلة معرفة علي دوريات بنك المعرفة المصرىء» و ‎Edu Search‏ دار المنظومة

AY",200,639
723,فاعلية توظيف تقنيات الإنترنت في الإشراف التربوي في المدارس الخاصة في عمان,Effectiveness of Using Internet Technologies in Educational Supervision in Private Schools in Amman,"مدفت الدراسة التعرف إلى درجة فاعلية توظيف تقنيات الإنترنت في الإشراف التربوي في المدارس الخاصة في عمّان من وجهة نظر المعلمين والمشرفين التربويين. ولتحقيق هدف الدراسة تم بناء استبانة تكونت من (58) byl تم توزيعها إلى عينة الدراسة التي تكونت من (535) معلمًا ومشرفًا تربويًا للعام الدراسي (2015/2014). وبعد إجراء عمليات التحليل الإحصائي للبيانات, كان من أهم نتائج الدراسة أن درجة فاعلية توظيف تقنيات الإنترنت في الإشراف التربوي في المدارس الخاصة في عمان كانت كبيرة لجميع المجالات وللأداة «SSS وعدم وجود فروق زات دلالة إحصائية عند مستوى الدلالة So) 0.05( لمتغيري الجنس وتقنية الإنترنت المستخدمة في الإشراف التربويء بينما كانت الفروق دالة للمتغيرات الأخرى لبعض مجالات الأداة. وأوصت الدراسة باقي المدارس الخاصة بالانتقال إلى الإشراف الإلكتروني. وتم اقتراح إجراء دراسات أخرى.",The study aimed to identify the effectiveness of using internet technologies in educational supervision in private schools in Amman from the,Arabic,,[],,,ARPD,"فاعلية توظيف تقنيات الإنترنت في الإشراف ال

في المدارس ا

المجلة الأردنية في العلوم التربوية. مجلد 12 عدد 1. 2016, 30-17

بوي

6

3

لخاصة في عمّان

5 3 نا 5 ينيطنا
هبة توفيق أبو عيادة و صالح أحمد عبابنة

تاريخ تسلم البحث 24/6/2015

ملخص: مدفت الدراسة التعرف إلى درجة فاعلية توظيف تقنيات الإنترنت في
الإشراف التربوي في المدارس الخاصة في عمّان من وجهة نظر المعلمين
والمشرفين التربويين. ولتحقيق هدف الدراسة تم بناء استبانة تكونت من (58)
‎byl‏ تم توزيعها إلى عينة الدراسة التي تكونت من (535) معلمًا ومشرفًا تربويًا
للعام الدراسي (2015/2014). وبعد إجراء عمليات التحليل الإحصائي للبيانات,
كان من أهم نتائج الدراسة أن درجة فاعلية توظيف تقنيات الإنترنت في الإشراف
التربوي في المدارس الخاصة في عمان كانت كبيرة لجميع المجالات وللأداة ‎«SSS‏
‏وعدم وجود فروق زات دلالة إحصائية عند مستوى الدلالة ‎So)‏ 0.05( لمتغيري
الجنس وتقنية الإنترنت المستخدمة في الإشراف التربويء بينما كانت الفروق دالة
للمتغيرات الأخرى لبعض مجالات الأداة. وأوصت الدراسة باقي المدارس الخاصة
بالانتقال إلى الإشراف الإلكتروني. وتم اقتراح إجراء دراسات أخرى.

الكلمات المفتاحية: تقنيات ‎a GY)‏ الإشراف التربويء. المدارس الخاصة: التعليم
في الأردن.

مقدمة: أصبح استخدام تقنيات الإنترنت في القرن الحادي
والعشرين من أساسيات التعليم والتعلم؛ إذ إن توافر تقنيات
الحاسوب والإنترنت» واستخدامها في كل مدرسة أصبح ضرورة
تربوية. وأصبحت مفاهيم. مثل: المناهج المحوسبة. والرخصة
الدولية لقيادة الحاسوب. وبرامج إنتل للتعليمء والسبورة الذكية,
والألواح الإلكترونية. والإدارة الإلكترونية من المفاهيم الشائعة في
أنظمة التعليم المعاصرةء بل إن امتلاك العاملين في المدرسة من
معلمين وإداريين لمهارات الإنترنت والحاسوب أصبح شرطا للتعيين,
والترقية الوظيفية, ومتطلبا لممارسة مهنة التعليم والإدارة المدرسية
في معظم النظم التربوية في العالم.

والإشراف التربوي لم يكن بعيدا عن هذه التطورات؛ فأصبح
يعتمد على التقنيات الحديثة من حاسوب وإنترنت للنهوض بالعملية
التعليمية وتحقيق تعليم وتعلم أكثر فاعلية (الغامدي. 2008).
وبذلك دخل الإشراف التربوي في منحى جديد يطلق عليه
""الإشراف الإلكتروني"". الذي يعد ""أسلوبا إشرافيا ‎Soy‏ من خلاله
تقديم البرامج التدريبية والأساليب الإشرافية المعروفة للمعلمين عبر
وسائط إلكترونية متنوعة من خلال الحاسب ‎IM‏ والإنترنت,
وأدواته بأسلوب متزامن أو غير متزامن"" (سفرء 2008 ص.
15).

* مديرية التعليم الخاص؛ عمان.
** قسم الإدارة التربوية والأصولء الجامعة الأردنية. عمان الأردن.
© حقوق الطبع محفوظة لجامعة ‎tl go yall‏ إربدء الأردن.

17

تاريخ قبوله 30/9/2015

Effectiveness of Employment Internet Technologies in
Educational Supervision in Private Schools in Amman

Heba Abu Aeadeh, Directorate of Special Education, Amman.
Saleh Ababneh, Educational Administration and Foundation
Department, University of Jordan, Amman, Jordan.

Abstract: This study aimed at identifying the degree of effectiveness
of employment Internet technologies in educational supervision in
private schools in Amman. To achieve study purposes a (58) items
questionnaire was developed and distributed to study sample which
consisted of (535) teachers and educational supervisors in the
academic year 2014/2015. After statistical analysis of the data, the
results of the study indicated that the level of the degree of
effectiveness of employment Internet technologies in educational
supervision in private schools in Amman was high for the tool and it
is domains. The results also indicated that there aren't significant
statistical differences at (a < 0.05) refer to sex and type of Internet
technique variables, but there were significant statistical differences to
other variables in some study domains. The study recommended that
remainder private schools to transition to electronic supervision, and
further studies were suggested.

Keywords: Internet Technologies, Educational Supervision, Private
Schools, Education in Jordan.

pads ‏الإشراف الإلكتروني كذلك بأنه: ""نمط إشرافي‎ Gye,
‏أعمال ومهام الإشراف التربوي عبر الوسائط المتعددة للحاسب الآلي‎
‏وشبكاته إلى المعلمين والمدارس بشكل يتيح لهم إمكانية التفاعل‎
‏النشط مع المشرفين التربويينء أو مع أقرانهم, مع إمكانية إتمام هذه‎
‏العمليات في الوقت والمكان وبالسرعة التي تناسب ظروف المشرفين‎
‏التربويينء زيادة على إمكانية إدارة هذه العمليات من خلال تلك‎
‏الإلكتروني‎ Gayla .)11 ‏ص.‎ 2008 glad!) ‏الوسائط""‎
‏إشراف جديد ينبثق من الاستخدام الواسع لتكنولوجيا المعلومات‎
‏والاتصالات في التعليم.‎

ودعا العديد من الباحثين (العنزي.2006؛ والفيفي. 2007؛
‎‘Farely, 2010‏ وبني عيسىء 2013؛ و ‎Rock, M., Gregg, M.,‏
‎«Gable, R., & Zigmond, N. , 2009‏ و ‎Rock, M., Gregg,‏

M., Howard, P., Ploessi, D., Maughn, S., Gable, R., &
Rock, M., Gregg, M., Thead, B., ‏و‎ :Zigmond, N. , 2009

‎sAcker, S., Gable, R., & Zigmond, N. , 2009‏ و ‎Rock, M.,‏
‎Gregg, M., Thead, B., Acker, S., Gable, R., & Zigmond,‏
‎N. 2014)‏ إلى توظيف تكنولوجيا المعلومات والاتصالات في جميع
جوانب العمل التربوي. ومنها الإشراف التربوي؛ لما لها من فاعلية
واضحة في تحسين عمليتي التعليم والتعلم. وأشارت دراسة أردنية","المجلة الأردنية في العلوم التربوية

إلى ضرورة توظيف المشرفين التربويين لتكنولوجيا المعلومات
الدروس المحوسبة. وحوسبة المشرف لجميع أعماله الإشرافية
وإعداد حصص تطبيقية نموذجية. وتوظيف الإنترنت في البحث عن
المعرفة. وتوظيف تكنولوجيا المعلومات فى إعداد نشرات إشرافية,
وفي إعداد بحوث تربوية» والتواصل مع المعلمين, والإشراف عن
بعد (بنى عيسي. 2013(

وتعود أهمية الإشراف التربوي الإلكتروني إلى أنه يوفر الفرص
للمعلمين وللمشرفين التربويين لتبادل الخبرات والتجارب العملية,
ويساعد في اختصار الزمنء والتقليل من الجهدء والتغلب على
مشكلة ‎Gadi‏ المشرفين التربويين وتأهيلهم. ويوفر المطبوعات
والموضوعات التعليمية على هيئة محتويات مقروءة ومجدولة
‎Lis iS)‏ لجميع المعلمين» وفي أي وقت يحتاجون إليها ‎cies)‏
‏2008(. ويساعد في متابعة أداء المعلمين. ويقلل الكلفة المادية
والبشرية (الصائغ. 2009). ويحسن من عملية الإشراف التربوي
على المعلمين. ويقلل من العبء الإداري والفني على المشرف
التربويء ويخلق سجل تفاعلي للعملية الإشرافية & ‎(De Beer‏
‎.Mason, 2009)‏

yi la

(19294921 | ‏غلبا‎ ٠

(1970-1930) ‏علا‎ ٠ ْ
(19621921) Us ٠

(1975 - 1962) Ls)

‎pus‏ العديد من المفكرين والباحثين تعريفات حاولت تحديد
مفهوم الإشراف التربوي؛ فعرّف حسين وعوض الله (2006. ص.
18( الإشراف التربوي ‎GL‏ ""الجهود الدائمة المنظمة التي ترمي إلى
مساعدة العاملين. وتوجيههم. وتشجيعهم على تنمية ذاتهم التنمية
التي تحقق بعلمهم الدائم المتواصل على أسس سليمة مع التلاميذ
لتحقيق الأهداف التربوية المطلوبة"". وعرف بأنه ""العملية التي يتم
فيها تقويم وتطوير العملية التعليمية التعلمية ومتابعة تنفيذ كل ما
يتعلق بها لتحقيق الأهداف التربوية"" (الأسدي وإبراهيم, 2007,
ص. 19). وعرفه عايش (2010. ص. 25( بأنه ""عملية
‎Aids dbl dors‏ وقيادية. وإنسانية. ومنظمة. وشاملة ومستمرة.
وسيلتها الاتصال بأنواعه المختلفة» وغايتها تطوير العملية التعليمية
التعلمية. والمعلم كمحرك لذلك المحور وكمنفذ للخطة التدريسية"" .

‏وبذلك فالإشراف التربوي علاقة مهنية تشاركية بين المشرف
التربوي والمعلم تهدف إلى تحسين العملية التعليمية التعلمية.
ويمكن تلخيص مراحل تطور الإشراف التربوي في الأردن والعالم
بالشكل (1):

‎bs ie‏ (2010-الأن)

‎(31970) oe ٠
(2010-1975) «|

‏الشكل (1): مراحل الإشراف التربوي في الأردن (من تصميم الباحثين)

‏يلاحظ من الشكل (1) أن الإشراف التربوي في الأردن مر في
مراحل: التفتيش (1962-1921). ثم التوجيه )1975-1962( ثم
مرحلة الإشراف التربوي )2010-1975( ويمر الآن في بداية
مرحلة ‎Gaye‏ وهي الإسناد التربوي. التي يركز فيها المشرف

‏التربوي على الجانب المهني للمعلم وللمدرسة2 ويقوم بتقديم
الخبرة لهما حسب الحاجة. ويمكن تصنيف الأساليب الإشرافية
حسب عدد المعلمين وطبيعة الأسلوب الإشرافي المستخدم كما في
الشكل (2):",816,489
1096,أثر استخدام استراتيجية الكرسي الساخن في تحسين مهارات التعبير الشفوي,The Effect of Using the Hot Seat Strategy on Improving Oral Expression Skills,"هدفت الدراسة الحالية إلى تعرف أثر استراتيجية الكرسي الساخن في تحسين مهارات التعبير الشفوي لدى طالبات الصف السابع الأساسي. استخدم الباحث منهج البحث شبه التجريبي . وتكونت عينة الدّراسة من )32( طالبة من طالبات الصف السابع الأساسي من مدرسة روضة الأميرة بسمة الأساسية الأولى للبنات التابعة لمديرية تربية لواء البادية الشمالية Ay yall قسمن إلى مجموعتين: تجريبية. وفيها )16( طالبة. وضابطة: وفيها )16( طالبة. ولتحقيق أهداف dal all تم تطوير قائمة تقدير مهارات التعبير الشفوي. تألفت من (12) فقرة, تضمنت مهارات المضمون. ومهارات حسن الأداء . وتم إعداد اختبار موقفي في مهارات التعبير الشفوي.","The study aimed to determine the effect of the hot seat strategy on improving oral expression skills among seventh-grade female students. The researcher used a quasi-experimental research method. The study sample consisted of 32 female students from the seventh grade at the Princess Basmah Primary Girls' School, which is affiliated with the Directorate of Education in the Northern Jordanian Governorate of Al-Badiya Al-Sharqiya. The sample was divided into two groups: experimental, which included 16 students, and control, which included 16 students. To achieve the objectives, a rating list of oral expression skills was developed, consisting of 12 items, which included content skills and performance skills. A situational test was also prepared for oral expression skills.",Business,,"[""قاسم البري""]",,,ARPD,"المجلة الأردنية في العلوم التربوية. مجلد 17 ‎sae‏ 4. 2021. 500-493

أثر استخدام استراتيجية الكرسي الساخن في تحسين مهارات التعبير الشفوي

3
قاسم البري

تاريخ تسلم البحث: 2020/4/3

ملخص: هدفت الدراسة الحالية إلى تعرف أثر استراتيجية الكرسي الساخن في
تحسين مهارات التعبير الشفوي لدى طالبات الصف السابع الأساسي. استخدم
الباحث منهج البحث شبه التجريبي . وتكونت عينة الدّراسة من )32( طالبة من
طالبات الصف السابع الأساسي من مدرسة روضة الأميرة بسمة الأساسية الأولى
للبنات التابعة لمديرية تربية لواء البادية الشمالية ‎Ay yall‏ قسمن إلى مجموعتين:
تجريبية. وفيها )16( طالبة. وضابطة: وفيها )16( طالبة. ولتحقيق أهداف

‎dal all‏ تم تطوير قائمة تقدير مهارات التعبير الشفوي. تألفت من (12) فقرة,
تضمنت مهارات المضمون. ومهارات حسن الأداء . وتم إعداد اختبار موقفي في
مهارات التعبير الشفوي.

‏(الكلمات المفتاحية: استراتيجية الكرسي الساخنء مهارات التعبير الشفوي)

‏مقدمة : تعد اللغة العربية بمهاراتها المختلفة: الاستماع والتحدث
والقراءة والكتابة من أهم اللغات. من حيث دقة نظامهاء وسعة اشتقاقهاء
وجمال أدبها. ومن هنا أجريت حول نحوها وصرفها وأدبها وبلاغتها
دراسات وبحوث كثيرة. ومما حظي باهتمام الباحثين ‎Leas)‏ استراتيجيات
وطرائق وأساليب تدريسها.

‏والتحدث أو ‎aS‏ أو التعبير الشفوي. من ‎pal‏ فنون اللغة العربية,
تناولها الباحثون بالدرس والتحليل؛ ذلك أن التعبير. كما أشار إليه الناقة
والسيد )2012 ‎Al-Naga and Al-Sayyid,‏ (« عملية معقدة. تتطلب
خطوات متعددة, تتمثل في ‎SLAY!‏ والتفكيرء والصياغة. ‎Gills‏ وذلك
بانتقاء المتكلم للكلمات. وعرض الأفكار بطريقة منطقية معقولة.

‏إن التعبيرء ببعديه الشفوي والكتابي. هو الجانب الحيوي في حياة
الطالب. فهو وسيلة الإفهام؛ به يتمكن من التعبير عن نفسه. ونقل أفكاره.
وتحصيل معرفته. فضلا عن التزود بمقاييس الضبط الاجتماعيء. واكتساب
القيم التي توجه السلوك )2005 ‎.(Al-Hashemi,‏ ومن هنا جعله نصر
والعبادي )2004 ‎(Nasr and Al-Abadi,‏ عملية ابتكار. يجري فيها
تحويل الأفكار والصور الذهنية والمعاني إلى تعبيره يدل على تمكن الطالب
من اللغة. واستعمالها استعمالاً واضهًا ومفهومًا.

‏وأشار وولفولك )2008 ‎(Woolfolk,‏ إلى ‎GI‏ القدرة على التعبير
من مظاهر الرقي اللفويء والتقدم الثقافي. لاسيما إذا كان ذلك التعبير
واضحًا وجميلا وقويًا؛ فاللغة الإنسانية ما هي إلا حديث شفويء. يتطلب
تنمية القدرة على تعلم الكلام والإصغاء في سن مبكرة. وأشار كل من
ثانبوري (2011 ‎<(Thanbury,‏ والخصاونة والعكل ( -اللم
‎(Khasawneh and Al-Ekaal, 2‏ إلى ‎Gi‏ التعبير الشفوي يحتل
* جامعة آل البيت؛ الأردن.
© حقوق الطبع محفوظة لجامعة اليرموكء إربدء الأردنء 2021.

‎493

‎Doi: //10.47015/17.4.1‏
تاريخ قبوله: 2020/5/18

‎The Effect of Using Hot Chair Strategy on
Improving Oral Expression Skills

‎Qasim Al-Bari, Al al-Bayt University, Jordan.

‎Abstract: The current study aimed to investigate the effect of
hot chair strategy on improving oral expression skills among
seventh-grade students in Jordan. A  quasi-experimental
method was used. The sample of the study comprised (32)
seventh basic grade students from first basic Rawdat Al-
Amirah Bassma for girls school of Western Northern badia
directorate of education who were selected and divided into
two groups: experimental (16 students) and control (16
students). To achieve the purposes of the study, a checklist
scale for improving oral expression skills was developed.An
oral expression test was prepared. Validity and reliability of the
test were ensured. Every student was assessed in light of the
criterion prepared for this purpose. A pre/post-test was
administered for both groups. The results of the study showed
that there was a statistically significant difference in favor of
the experimental group that was taugh using the hot chair
strategy.

‎(Keywords: Hot Chair Strategy, Oral Expression Skills)

‏ومن ‎pal‏ أهداف التعبير الشفوي نقل الأفكار والمشاعر والمعتقدات
والتوقعات. والتدريب على المنطق السليم وطلاقه اللسان وتجنب الأخطاء.
والتدريب على الخطابة والارتجال والبيان في القول2 وتنمية التفكير
وتنشيطه وتنظيمه. وتنمية عناصر الخيال. وتنمية شخصيات الطلبة
للمشاركة بفاعلية في الحياة الاجتماعية» والتزود بالألفاظ والتراكيب وتنمية
الثروة اللغوية. والقدرة على صياغة الأفكار بترتيب وتسلسل وترابط
‎.(Kundharu & Slamet, 2012; Atta, 2006)‏

‎bi‏ رياز ‎(Riyaz,2016)‏ فقد ‎Gi ok‏ التعبير الشفوي يهدف إلى
تحقيق أربعة أمور ‎adage‏ هي: التعلم, والطلبء والإقناع» ‎cling‏ العلاقات
الاجتماعية. وهنا يكون التعلم مفتاحًا لتحقيق الأهداف الأخرى. ‎GIS‏ نطلب
شيئًا إلى الآخرينء أو شر نحن عليهم. أو نعبر عن مشاعرنا وآرائناء أو
نتبادل المعلومات. أو نث
في المستقبل أو غير ذلك.

‏نشير إلى حوادث الماضي أو الحاضر أو ما سيجري","المجلة الأردنية في العلوم التربوية

‎Sis‏ مدكور )2016 ‎(Madkour,‏ أنْ المتحدث يجب أن يخطط
لما يريد التعبير عنه؛ إن يجب أن يعرف: لمن يتحدث؟ ولماذا يتحدث؟
وبماذا يتحدث؟ وهنا على المتحدث أن يحدد: نوعية مستمعيه
واهتماماتهم, والأغراض التي يريد أن يعبر عنهاء ومحتوى تعبيرهء واختيار
أفضل الأساليب التي يتبعها لإيصال أفكاره.

‏كما أورد ثورلو وأوسليفان ( ,0510111982 ‎Thurlow and‏
1) أنه يجب امتلاك المعبّر مهارات معينة أهمها: إخراج
الحروف من مخارجها الصحيحة, والسيطرة على ما يعبر ‎dic‏ وذلك
بإتمام المعنى. وترتيب الأفكارء وإجادة فن الإلقاءء وإتقان لغة
الجسدء والطلاقة من غير تردد أو ‎waist‏ والتمكن من المفردات
واختيار العبارات. ‎buds‏ الجانب النحوي والصرفيء والقدرة على
تأدية المعنى بفصاحة ووضوح. :

‏لقد ازدادت الحاجة إلى التواصل الشفوي بين الأفراد
والجماعات. مما ‎pia‏ ضرورة تحسين القدرة الشفوية ‎(cal‏ الطلبة,
وتحسين مستوى الأداء التعبيري؛ فالتعبير هو مظهر اللغة العفوي,
الذي يشمل المجالات الحياتية جميعها )2018 ‎.(Kasudi,‏

‏وتظهر معطيات التعبير الشفوي في تطوير مهارات لدى
الطالب. بممارسة فنون الكلام ووسائله. وذلك بإيجاد ظروف مناسبة
تحث على التعبير. وإجراء المناقشات والحوارات تحت إشراف
المعلم وتوجيهه. فضلًا عن الاستماع للنصوص الشعرية. ونصوص
النثر الفني» وإطلاع الطالب على أعمال الآخرين الإبداعية والقيام
بتمثيل القصص والأعمال المسرحية. وهنا يجب أن يمارس اللغة
ممارسة فعلية. وذلك عن طريق الحوار؛ فالحوار له أهمية كبرى في
تعلم اللغة. ويُشترط في هذه الحالة أن يكون موضوع التعبير متصلًا
بالمواقف الحياتية للطالب, يعبر عن قضاياهء ويثير اهتمامه. ويحفزه
للتعبير ‎Al Houla, 2015) dic‏ ).

‏وهكذا فإن التعبير الشفوي يحدث عندما يُستثار المرء فيعبر
بكلمات منتقاة. يصوغ منها العبارات المعبرة عن الفكرة مدار
التحدث. ويمثل التعبير الجانب الحيوي في حياة الأفرادء والتعبير
الراقي عن حاجاتهم؛ وبخاصة ذلك التعبير المتصف بالوضوح والقوة
والجمال. وقد اختصر ثانبوري (2011 ‎(Thanbury,‏ ذلك

‏بقوله:"" إن اللغة الإنسانية ما هي إلا حديث شفوي"".

‏ولتحسين مهارات التعبير الشفوي على صعيد التعليم» يمكن
تطوير استراتيجيات وطرائق وأساليب في عملية التدريسء» وبخاصة
تدريس التعبير. ومن هذه الاستراتيجيات استراتيجية الكرسي
فرصة مناسبة للطلبة لممارسة لعب الدورء واستخدام عملية طرح
الأسئلة في أثناء المقابلة. ويمكن أن يمثل الطالب في هذه
الاستراتيجية دور شخصية قد تكون حقيقية أو وهمية. ويمكن أن
يؤدي طلبة آخرون دور الصحفيين أو المحققين. أما المعلم فيمثل
دور الوسيط فيها )2011 ‎(Al-Shammari,‏

‎494

‏وأشار زمبال وآخرون )2016 ‎(Zembal, et al.,‏ إلى ‎ol‏
‏الكرسى الساخن
والتشويقء ويمكن استخدامها في تعلم أي موضوع وتعليمه. وهي
من الطرائق الفعالة في ترسيخ القيم والمعتقداتء ولها القدرة على
تنمية مهارات القراءة الجيدة. وطرح الأسئلة والمناقشة البناءة
وتبادل الأفكار والآراء. والاستراتيجية بعد ذلك مفضلة لدى كثير
من المعلمين الذين يريدون التفصيل في موضوع ‎cre‏ أو في
تزويد الطلبة بمفاهيم معينة. أما طرح الأسئلة في هذه
الاستراتيجية. فيكون من طالب إلى ‎oll‏ ومن طالب إلى معلم,
بحيث يكون محور الأسئلة موضوعًا متفقا عليه. ومن هنا أصحبت
استراتيجية الكرسي الساخن فعالة في تنمية مهارات الحوارء

‏والتفاعل الذهنى بين الطلبة.

‏استراتيجية استراتيجية تتصف بالسهولة

‎Flower, ( ‏استراتيجية الكرسي الساخنء كما ذكر فلاور‎ Gl
‏تستخدم في البحث عن جذور المشكلة. وتلبية حاجة‎ (2016
‏الطالب للفهم العميق. وتفعيل مهارات التفكير العليا لديه. ويكون‎
‏ذلك عند تحديد المشكلة. أو المفهوم مدار التعلم. ويؤدي المعلم‎
‏بعد إجلاس الطالب على الكرسيء دورًا مهما‎ desl ul ‏في هذه‎
‏في بناء الأسئلة؛ إن يخبر الطالب بأنه ستوجه إليه ثلاثة أسئلة على‎
‏تمرير‎ gl ‏بعضهاء‎ of ‏الأقل. ومن حق الطالب الإجابة عن الأسئلة‎
‏بعض الأسئلة أو كلها إلى الطالب التالي. والمعلم هنا يوجه أسئلة‎
‏من نوع الأسئلة المفتوحة, بعد إعطاء مقدمة مناسبة.‎

‏وأشار عبدالكريم )2016 ‎(Abdel Karim,‏ إلى ست
خطوات تسير بموجبها استراتيجية الكرسي الساخن, وهي: ترتيب
وضع المقاعد بشكل دائري ووضع الكرسي الساخن في مركز
‎bill‏ وتقسيم الطلبة إلى مجموعات صغيرة: وتقديم النشاط الذي
قد يكون قراءة ‎ai‏ أو مناقشة مفهوم معينء أو البحث عن جذور
مشكلة ماء وطرح أحد الطلبة سؤالا على زميله الذي على الكرسي
الساخن يبدأ بلماذاء ثم يسأل بالصيغة نفسها خمس مرات بعد كل
‎AL!‏ وقد يقل عدد هذه الأسئلة ‎si‏ يزيدء وتبادل الأدوار بين
المعلم طلبته باستخدام مخطط تنظيميء. وقد يكون ذلك في الكتابة
أو الرسم, أو أي شيء آخر.

‏وذكر علي )2014 ‎(Ali,‏ ثلاث طرائق لتنفيذ استراتيجية
الكرسي الساخن, هي : الكرسي الساخن للمعلم, والكرسي الساخن
للمتعلم. والكرسي الساخن في نظام المجموعات. أما طريقة كرسي
المعلم» ففيها يجلس المعلم على الكرسي؛ لتشجيع الطلبة على توليد
الأسئلة. التى هى محور المناقشة. بحيث 5
الأسئلة المفتوحة. وتنفذ الطريقة الثانية بالطلب إلى أحد الطلبة
الجلوس على الكرسي الساخن؛ ليتلقى أسئلة زملائه أى أسئلة
المعلم» على أن تتم هذه العملية بشكل دوري. وفي الطريقة الثالثة,
يقسم الطلبة إلى مجموعات تتحلق حول الكرسي الساخن. الذي

‏ن هذه الأسئلة من نوع",957,850
685,قلق المستقبل الرّواجي وعلاقته بتقدير الذات لدى الطلبة الجامعيين في محافظة الخليل,Future Anxiety and Its Relationship with Self-Esteem Among University Students in the City of Hebron,"هدفت هذه الدّراسة للتعرف على مستوى قلق المستقبل وعلاقته بتقدير الذات لدى الطلبة الجامعيين في محافظة الخليل. وكذلك فحص الفروق في مستوى قلق المستقبل الزواجي وفقا لبعض المتغيرات المستقلة كالجنس والمستوى الاقتصادي. ومكان السكن. ومستوى الطالب الدراسي والتخصص. تم اختيار عينة عشوائية تكونت من )180( طالبا وطالبة موزعين على كل من جامعة Lal والبوليتكنك والقدس المفتوحة بواقع )60( من كل جامعة، كما تم استخدام مقياس تقدير الذات لروزنبيرغ, لغايات الإجابة عن أسئلة الدراسة. وأسفرت الدراسة عن جود Gard في مستوى قلق المستقبل الزواجي تعزى للجنس لصالح الإناث. ولمكان السكن لصالح سكان المدينة. ووجد كذلك فروق تعزى لنوع الجامعة لصالح جامعة القدس المفتوحة. ووجد فروق فروق تعزى للتخصص. وأوصت الدراسة بمجموعة من التوصيات أهمها: ضرورة توعية الشباب حول قلق المستقبل الزواجي. وتعزيز مفاهيم التكافل الاجتماعي في","The study aimed to identify the level of future anxiety and its relationship with self-esteem among university students in the City of Hebron. It also examined the differences in the level of future marital anxiety according to some independent variables such as gender, economic level, place of residence, academic level, and specialization. A random sample of",Arabic,,[],,,ARPD,"قلق المستقبل الرّواجي وعلاقته

بتقدير الذات لدى

المجلة الأردنية في العلوم التربوية. مجلد 13 ‎sae‏ 2. 2017. 239 - 250

3 3
نبيل الجندي دعاء دسوقي

تاريخ تسلم البحث 2016/4/4

ملخص: هدفت هذه الدّراسة للتعرف على مستوى قلق المستقبل ‎clei‏
‏وعلاقته بتقدير الذات ‎cal‏ الطلبة الجامعيين في محافظة الخليل. وكذلك فحص
الفروق في مستوى قلق المستقبل الزواجي وفقا لبعض المتغيّرات المستقلة
كالجنسء والمستوى الاقتصادي. ومكان السكن. ومستوى الطالب الدراسيء
والتخصص. تم اختيار عينة عشوائية تكونت من )180( طالبا وطالبة موزعين على
كل من جامعة ‎Lal‏ والبوليتكنك والقدس المفتوحة بواقع )60( من كل جامعة,
المستقبل الرواجي. كما
عن أسئلة الدراسة. وأسفرت الدراسة عن جود ‎Gard‏ في مستوى قلق المستقبل
الزواجي تعزى للجنس لصالح الإناث. ولمكان السكن لصالح سكان المدينة. ووجد
كذلك فروق تعزى لنوع الجامعة لصالح جامعة القدس المفتوحة. ووجد فروق
فروق تعزى للتخصص. وأوصت الدراسة بمجموعة من التوصيات أهمها: ضرورة
توعية الشباب حول قلق المستقبل الزواجي. وتعزيز مفاهيم التكافل الاجتماعي في
(الكلمات المفتاحية: قلق المستقبل الزواجيء تقدير الذات).

تم استخدم مقياس تقدير الذات لروزنبيرغ, لغايات الإجابة

مقدمة: يواجه الشباب الجامعي في فلسطين مشكلات خاصة
مرتبطة بخصوصيّة الظروف التي يعيشها الشتباب في المجتمع الفلسطيني.
ومن بين هذه المشكلات مشكلة اختيار شريك الحياة المستقبلي إذ تشكل
هذه المشكلة قلقا كبيرا لكل شاب وشابة في عمر الزواج. وهذا القلق
يؤثر على حياة الشباب في نواحي الحياة كافة. ويؤثر ذلك بشكل كبير على
مفهوم الفرد لذاته. إن أصبح الفرد كثير الانشغال والتفكير بالمستقبل
المجهول. وخاصة المستقبل الزواجي واختيار الشتريك المستقبلي الذي
سيشارك في بناء الأسرة. ويرتبط هذا التفكير بطريقة فهم الفرد لذاته,
وبطبيعة الأهداف التي يضعها لنفسه ويسعى لتحقيقهاء فقد تكون هذه
الطريقة مبنية على رؤيا واضحة وواقعية يمكن تحقيقهاء وقد تكون غير
مبنية على تلك الرؤياء فتصبح مصدر قلق يهدد الصحة ‎Guill‏ للفرد
(المومني ونعيم. 2013).

وقد حظي هذا الموضوع باهتمام الباحثين في مجالات الصحة
النفسيّة. وتباينت نسب الأفراد الذين يعانون من حالات ‎LAI‏ فقد وضح
السبعاوي (2007) أن )%25( من الأفراد الأصحاء قد تعرضوا لحالات
من القلق في وقت ما من حياتهم. ‎Sle‏ الاضطرابات النفسيّة والستلوكية
تنتشر بشكل متزايدء ويعد القلق أكثر الحالات شيوعاء ويمثل (30-
0 من مجموع الاضطرابات النفسيّة.

© حقوق الطبع محفوظة لجامعة ‎tl go yall‏ إربدء الأردن.

تاريخ قبوله 2016/11/15

Marital Future Anxiety (MFA) and its Relation to Self-
Esteem Among a Sample of University Students

Nabil Aljundi and Doaa Dasougi, Faculty of Educational Sciences,
Palestine.

Abstract: This study aims to identify the level of marital future
anxiety (MFA) and its relation to self-esteem among university
students in Hebron district, as well as to examine the differences in
marital future anxiety according to some independent variables such
as gender, economic status, place of residence, student’s academic
level, and specialization. A random sample of (180) students spread
over all of Hebron University, the Polytechnic University and the Al-
Quds Open University was selected to participate in the study. The
researchers used the descriptive approach, and both of the Marital
Future Anxiety scale and the Rosenberg self-esteem scale were
administered to respond on the research questions. The study revealed
significant differences in the level of MFA due to gender in favor of
females, due to place of residence in favor of city residents, due to the
type of university in favor of Al-Quds Open University, and due to
economic level in favor of low-income, while there were no
differences due to specialization. The study recommended a set of
recommendations, including: the need to educate young people about
MFA concerns, and to promote social solidarity concepts in
Palestinian society.

(Keywords: Marital future anxiety, Self-esteem).

وينتج قلق المستقبل الرواجي بسبب الضغوطات التي يواجها الفرد
في مختلف نواحي ‎hall‏ ويعتبر قلق المستقبل حال طبيعيّة في حال كان
الفرد قادرا على مواجهة ضغوط ‎shall‏ المختلفة؛ ‎Lol‏ في حال شعور الفرد
‎Gaal‏ فإن ذلك يؤثر على الصّحة النفسيّة. ويرتبط قلق المستقبل بطريقة
التفكير؛ فالتفكير السلبي يعوّق النجاح والتقدم نحو تحقيق الذات. في حين
أن التفكير الإيجابي يؤدي إلى زيادة الثقة بالنفس والنظر إلى المستقبل
بشكل مشرق (المشيخي. 2009(

ويرى المزين (2012) أن من أبرز المشكلات لدى الطلبة الجامعيين
مشكلات المستقبل الزواجي. حيث أوضح أن قلق الزواج من أكثر
المشكلات شيوعا لدى الطلبة الجامعيينء ‎Gly‏ هناك علاقة عكسيّة بين قلق
المستقبل الزواجي والذكاء الوجداني.

ويوضح المشيخي (2009) أنه كلما قل مستوى فاعلية الذات
ومستوى الطموح لدى ‎spall‏ أدى إلى ارتفاع مستوى القلق؛ بمعنى أن ثمة
علاقة عكسيّة بين فاعلية الذات ومستوى الطموح من جهة ومستوى قلق
المستقبل جهة أخرى.

واستنادا إلى ما سبقء يعد قلق المستقبل الزواجي من المشكلات
الهامئة التي تواجه الطلاب الجامعيين. وتتطلب جهودا حثيثة لمواجهة
الظاهرة» فالطالب الجامعي الفلسطيني مثقل بالأعباء والمشكلات التي تعتبر
في حد ذاتها مؤثرة في درجات تحقيق ‎ald‏ سيما أن الزواج يرتبط
ارتباطا وثيقا بالجانب الاقتصادي والاجتماعي والنفسي للأفراد من حيث
إنهم يخططون لمستقبلهم البعيدء ثم إنهم لا يجدون وظائف من شأنها أن
تمنحهم ما يساعدهم على التخطيط لمستقبلهم, مما يثير لديهم مشاعر","المجلة الأردنية في العلوم التربوية

القلق المتعلقة بالمستقبل» وخصوصا المستقبل الزواجي ‎cling‏ الأسرة. بل
وفي حالات نفسيّة خاصة قد يتطور قلق المستقبل الزواجي إلى ظاهرة
الجاموفوبيا ‎(Gamophobia)‏ إي الخوف من الزواج.

فالأفراد الذين لا يعانون من قلق يكون لديهم تقدير ذات ‎diye‏
‏ويكونون أكثر ‎bs‏ على مواجهة المواقف الجديدة بشجاعة, بعكس

وناقشت أوشن وبراجل (2015) وجهة نظر فرويد حول قلق
المستقبل والمتمثّلة بانعدام وضوح الرؤية المستقبلية وتوقع الشر
والضيق والتوتر وفقدان الثقة بالنفس وفقدان التركيز بحيث يصبح
المرء مضطرباً وغير قادر على مواجهة الأمور التي تعترض طريقه.

‎Lil‏ أبعاد قلق المستقبل فتكمن فى مجموعة من الأبعاد أهمها:

‏المستقبل ينتج عن عدم وضوح معالم متعلقة بالوضع الاقتصادي
والمتمثلة بارتفاع نسبة البطالة, إضافة إلى تدني مستوى ‎JS‏
‏وارتفاع النفقات وتكاليف الزواج وعدم قدرة الشباب على معالجة

‏البعد الاجتماعي: يرى المزين (2013) أن عدم امتلاك الفرد
لحرية اتخاذ القرارات الشخصية وخصوصا قرار الزواج بسبب
وجود تدخلات وضغوطات يفرضها المجتمع والأهلء يُنتج حالة من
القلق والضيق. وبالتالي يكون تقدير الذات متدنياء ويفتقر الفرد الى
القدرة على تحمل المسؤولية.

‏البعد النفسي: يبين المزين (2013) أن ثمة بعد نفسي
مرتبط بالجانب ‎posi‏ للفرد وناتج عن تفسير المواقف والأحداث
بشكل ‎Gale‏ مما يسبب حالة من الضيق والتوتر لدى المرء
وفقدان السيطرة على مشاعره وأفكاره. كالخوف من عدم الإنجاب,
والخوف من اختيار شريك ‎She‏ غير ملائم» والخوف من فقدان
الحريّة بعد الزواج.

‏البعد السياسي: نظرا لخصوصيّة الوضع الفلسطيني وتأثير
الأحداث الستياسيّة في فلسطين على فئة ‎LEA‏ فقد عقد الباحثان
بؤرة نقاش مع مجموعة من الشباب الفلسطينيينء وتم اقتراح هذا
البعد فى أداة ‎Aull‏ كأحد العوامل المتسببة فى قلق المستقبل
الزواجى. ويتمثل هذا البعد بممارسات الاحتلال المتعددة ‎Gall‏ تؤثر
على مستقبل الشتباب الزواجي. وعلى العديد من المشكلات
الاقتصادية ومشكلات البطالة وتدنى مستوى الدخل2. ومشكلات
نفسية تتمثل في مشاهدات عمليات القتل والاعتقال والهدم,
وبالتالي الخوف على الاسرة مستقبلاء ومشكلات اجتماعية تتمثل

‎240

‏في فقدان الاتصال والعلاقات الاجتماعيّة الناتجة ‎Ge‏ جدار الضّم
والتوسع والاعتقال.

‏ويرى الطخيس وعبد الله (2014) أن أهم الأسباب التي
تؤدي إلى قلق المستقبل تكمن في ضغوط الحياة السياسة
والاقتصادية والاجتماعية. ومفهوم الذات السلبي. والشعور بالخوف
والتشاؤم وفقدان الأمنء وعدم التكيف والقدرة على اتخاذ القرار
والشعور بعدم الانتماء. ويشير الصفدي ‎silo‏ نجيلة (2013) إلى
‎i‏ أسباب قلق المستقبل تمكن فى أحداث البيئة المختلقة والمتمثلة
في الأمراض والمشاكل الاجتماعيّة والصراعات السنياسيّة. وعدم

‏توفر فرص ‎whee‏ وموت ‎Gadd‏ عزيز. وهذه الأحداث غير

‏وأورد السسبعاوي )2007( تصنيف كاتل وشاير للقلق وهو
الأكثر شيوعاء ويضم: قلق الحالة. ويعبر عن استجابة انفعالية
تتمثل بالضيق والتوتر نتيجة إدراك خطر أو تهديد خارجي,
ويستعد الفرد لمواجهة هذه الخطر بشكل لا إرادي وتنتهي بانتهاء
المصدر المسبب للقلقء أما النوع الثاني فهى قلق السسمة الذي هو
استعداد بيئي مكتسب غير ظاهرء وتعمل العوامل الخارجية
والداخلية على ظهوره في شخصية الفردء وكلما كان الإنسان أكثر
استعداداً ارتفعت درجة القلق لديه.

‏ويورد عيسى وقمر )2015( التأثير الستلبي لقلق المستقبل,
إذ يؤثر سلبا على الفرد وعلى الآخرين. ويتضح تأثيره على شكل
عنهم» واستخدام حيل الدفاع عن ‎“ill‏ وتكوين تقدير منخفض
للذات: والاتجاه إلى الإجراءات الوقائية, والهروب من الواقع,

‏وتتعدد النظريات المفسرة للقلق» فقد أولى فرويد في نظرية
بحالة انفعالية غير سارة يتضمن مكونات ذاتية وفسيولوجية
وسلوكية. واعتبر الأنا مركز القلق. فهي مصب كل من (الهو)
و(الأنا الأعلى) والبيئة. ويمكن مواجهة القلق بشكل مباشر أو من
خلال استخدام حيل الدفاع. وفيما بعد استبدل فرويد مفهوم القلق
بالعصاب وكان مصدر ‎slit]‏ ولكن سرعان ما استبدله بمصطلح
اضطرابات القلقء وقسمه إلى سبعة أنواع تتمثل بالرهاب البسيطء
والرهاب الاجتماعيء ورهاب الاماكن ‎Aube!‏ وقلق الهلعء واضطراب
القلق المعمم. واضطراب ضغوط ما بعد الصدمة. واضطراب
الوسواس القهري. واعتبر فرويد أن القلق بداية الأمراض النفسيّة
والعقلية. فعندما يشعر الفرد بالقلق. فإنه يلجأ إلى التخلص ‎dio‏
‏بأسرع وقت ممكن. ومن هنا يلجأ إلى الكبت. ثم النكوص إلى مرحلة
من طفولته. مستخدماً الحيل الدفاعية المميزة لهذه المرحلة. ومن
ثم تولد أعراض العصاب والذهان تبعا للمرحلة التي يمر بها
(بلكيلاني. 2008).",793,864
