title,title_en,authors,source,path,download_link,article_url
دور التحول الرقمي في تحسين كفاءة إدارة المراكز الطبية مراكز الرعاية الصحية الأولية في شمال سوريا نموذجاً,The Role of Digital Transformation in Improving Medical Center Management Efficiency Primary Healthcare Centers in Northern Syria as a Model,"[""Hussam Ahmad Hlaak"", ""Ali Alhousain Aleid"", ""Attia Al-Huseyin""]",ajsrp,./ajsrp/9159-8054.pdf,https://journals.ajsrp.com/index.php/ajsrp/en/article/download/9159/8054,https://journals.ajsrp.com/index.php/ajsrp/en/article/view/9159
المصالح الأمريكية في الشرق الأوسط وأدوات حمايتها,U.S. Interests in the Middle East and the Tools for Their Protection,"[""Tarek Jarjoura Chahine""]",ajsrp,./ajsrp/9160-8051.pdf,https://journals.ajsrp.com/index.php/ajsrp/en/article/download/9160/8051,https://journals.ajsrp.com/index.php/ajsrp/en/article/view/9160
نموذج جديد للتعاون المؤسسي بين بلدان الجنوب الاستراتيجيات العربية في منطقة جنوب المحيط الهادئ وأثرها على الحوكمة العالمية,A New Paradigm of Institutional SouthSouth Cooperation Arab Strategies in the South Pacific and Their Impact on Global Governance,"[""AI Hexu""]",ajsrp,./ajsrp/9161-8053.pdf,https://journals.ajsrp.com/index.php/ajsrp/en/article/download/9161/8053,https://journals.ajsrp.com/index.php/ajsrp/en/article/view/9161
تقييم مستويات إنجاز الطلاب إطار لتعزيز النتائج الأكاديمية,Evaluation of Student Achievement Levels A Framework for Advancing Academic Outcomes,"[""Amera Eid Alsaadi""]",ajsrp,./ajsrp/9162-8055.pdf,https://journals.ajsrp.com/index.php/ajsrp/en/article/download/9162/8055,https://journals.ajsrp.com/index.php/ajsrp/en/article/view/9162
الآثار الاقتصادية المتوقعة لانضمام السودان إلى منظمة التجارة العالمية حالة القطاع المصرفي 1970-2008,The Expected Economic Impacts of Sudan's Accession to the WTO The Case of the Banking Sector 1970-2008,"[""Abubakr Eltigani Elhag""]",ajsrp,./ajsrp/9163-8052.pdf,https://journals.ajsrp.com/index.php/ajsrp/en/article/download/9163/8052,https://journals.ajsrp.com/index.php/ajsrp/en/article/view/9163
صورة الهيئة العامة للترفيه لدى عينة من طلاب وطالبات جامعة الملك عبد العزيز,The image of the General Entertainment Authority among a sample of male and female students at King Abdulaziz University,"[""Rahaf Hmeed Alotaibi"", ""Fatima kobibi Bendenia""]",ajsrp,./ajsrp/8945-7864.pdf,https://journals.ajsrp.com/index.php/ajsrp/en/article/download/8945/7864,https://journals.ajsrp.com/index.php/ajsrp/en/article/view/8945
الحداثة الجمالية ومعضلاتها الفن بين المطالبة بالاستقلال ورهان اختراق الفضاء العام,Aesthetic Modernity and Its Dilemmas Art between the Demand for Independence and the bet of Penetrating Public Space,"[""Ahmed Chebli""]",ajsrp,./ajsrp/8946-8144.pdf,https://journals.ajsrp.com/index.php/ajsrp/en/article/download/8946/8144,https://journals.ajsrp.com/index.php/ajsrp/en/article/view/8946
العوائق الاجتماعية والثقافية أمام تمكين المرأة اليمنية في العمل العام (دراسة ميدانية تحليلية),Social and Cultural Barriers to the Empowerment of Yemeni Women in Public Employment (An Analytical Field Study),"[""Fatima Ali Abdullah Abbas""]",ajsrp,./ajsrp/8947-7867.pdf,https://journals.ajsrp.com/index.php/ajsrp/en/article/download/8947/7867,https://journals.ajsrp.com/index.php/ajsrp/en/article/view/8947
البعد التداولي لللفظ في مقامات بديع الزمان الحم  المقامات الحرزية أنموذجا,The pragmatic dimension of pronunciation in The Maqamat of Badi Al-Zaman Al-Hamdhani - the Maqamat Al-Harziyya as an example,"[""Alia Ali Saeed Alketbi"", ""Muhammad Hilmi Abdullah Jaafar""]",ajsrp,./ajsrp/8948-7868.pdf,https://journals.ajsrp.com/index.php/ajsrp/en/article/download/8948/7868,https://journals.ajsrp.com/index.php/ajsrp/en/article/view/8948
دور وسائل الإعلام في نشر الوعي الرقمي بين أفراد المجتمع في المملكة العربية السعودية,The role of the media in spreading digital awareness among members of society in the Kingdom of Saudi Arabia,"[""Faris Omar Batawi"", ""Doaa Hassan Toweirqie""]",ajsrp,./ajsrp/8949-7865.pdf,https://journals.ajsrp.com/index.php/ajsrp/en/article/download/8949/7865,https://journals.ajsrp.com/index.php/ajsrp/en/article/view/8949
دور تقنيات المعلومات الحديثة في تعزيز البحث العلمي في الجامعات السعودية التحديات والمتطلبات والفرص المستقبلية,"The Role of Modern Information Technologies in Promoting Scientific Research in Saudi Universities Challenges, Requirements, and Future Opportunities","[""Ashwaq Abdulhakeem Alsabaan""]",ajsrp,./ajsrp/8706-7654.pdf,https://journals.ajsrp.com/index.php/ajsrp/en/article/download/8706/7654,https://journals.ajsrp.com/index.php/ajsrp/en/article/view/8706
أثر تقنيات الواقع الافتراضي في الإعلام الرقمي على تجربة الجمهور دراسة تطبيقية على الأحداث العقارية في المملكة العربية السعودية خلال عام 2025,The Impact of Virtual Reality Technologies in Digital Media on Audience Experience  An Applied Study on Real Estate Events in The Kingdom of Saudi Arabia During the Year 2025,"[""Sara Saad Al-Dawsari"", ""Sadiq Ali Mubarak Al-Shuwaikhat""]",ajsrp,./ajsrp/8708-7655.pdf,https://journals.ajsrp.com/index.php/ajsrp/en/article/download/8708/7655,https://journals.ajsrp.com/index.php/ajsrp/en/article/view/8708
تداعيات تعدد الزوجات على الواقع الديمغرافي في المجتمع الفلسطيني وموقف القوانين المدنية الإسرائيلية منه,The Implications of Polygamy on the Demographic Reality in Palestinian Society and the Stance of Israeli Civil Laws Towards It,"[""Samy Garad Abu Freach""]",ajsrp,./ajsrp/8710-7656.pdf,https://journals.ajsrp.com/index.php/ajsrp/en/article/download/8710/7656,https://journals.ajsrp.com/index.php/ajsrp/en/article/view/8710
الترجمة مظهر حضاري وإنساني ثقافي، ومهارات فنية للتقارب بين الشعوب والأمم,"Translation is a cultural and human civilizational manifestation, and technical skills  for the rapprochement of peoples and nations","[""Jehad Faiz Al-Islam""]",ajsrp,./ajsrp/8714-7658.pdf,https://journals.ajsrp.com/index.php/ajsrp/en/article/download/8714/7658,https://journals.ajsrp.com/index.php/ajsrp/en/article/view/8714
تنفيذ MATLAB لتأثيرات الجيل الخامس على المساحة الحرة,MATLAB Implementation of Effects of Fifth Generation on Free Space,"[""Rayan Abdelazeem Haboub"", ""Khalid Hamid Bilal""]",ajsrp,./ajsrp/8716-7659.pdf,https://journals.ajsrp.com/index.php/ajsrp/en/article/download/8716/7659,https://journals.ajsrp.com/index.php/ajsrp/en/article/view/8716
استخدام الذكاء الاصطناعي التوليدي في بحوث الدراسات العليا دراسة حالة,The Use of Generative Artificial Intelligence in Graduate Studies Research A Case Study,"[""Turki Mohammed Habkoor Almoharraq""]",ajsrp,./ajsrp/8314-7482.pdf,https://journals.ajsrp.com/index.php/ajsrp/en/article/download/8314/7482,https://journals.ajsrp.com/index.php/ajsrp/en/article/view/8314
مشكلة التعقيد والاتساق في دورة الذكاء نقد تأثيرات التفاعلات الهيكلية والديناميكية على كفاءة الذكاء,The problem of complexity and Consistency in the intelligence cycle A critique of the effects of structural and dynamic interactions on intelligence efficiency,"[""Mohamed Elzin Mohamed Ahmed Ibrahim""]",ajsrp,./ajsrp/8316-7483.pdf,https://journals.ajsrp.com/index.php/ajsrp/en/article/download/8316/7483,https://journals.ajsrp.com/index.php/ajsrp/en/article/view/8316
تقييم حكامة المبادرة الوطنية للتنمية البشرية وأثرها على التنمية الترابية بالريف الشرقي للمغرب من 2005 إلى 2024 دراسة حالة لجماعتي أولاد الزبير وبني فراسين,Evaluation of the Governance of the National Initiative for Human Development and Its Impact on Territorial Development in Morocco's Eastern Rif from 2005 to 2024 A Case Study of the Oulad Zbair and Beni Frassen Communities,"[""Mohamed El-Fazziki"", ""Fatima Ghmimed"", ""Jawad El-Bazwi"", ""Abdelouahed Bouberria""]",ajsrp,./ajsrp/8318-7484.pdf,https://journals.ajsrp.com/index.php/ajsrp/en/article/download/8318/7484,https://journals.ajsrp.com/index.php/ajsrp/en/article/view/8318
العوامل الخمسة الكبرى لنموذج الشخصية دراسة التاريخ والتطور ومجالات التطبيق في السياق الرقمي,"The Big Five factors of personality model A study of history, evolution, and areas of application in the digital context","[""Reda El-Yazidi""]",ajsrp,./ajsrp/8320-7485.pdf,https://journals.ajsrp.com/index.php/ajsrp/en/article/download/8320/7485,https://journals.ajsrp.com/index.php/ajsrp/en/article/view/8320
مشروع مقترح لتسهيل استلام وتقبيل الحجر الأسود للحجاج والمصلين,Draft proposal to facilitate the receipt and kissing of black stone for pilgrims and worshipers,"[""Mohamed Hanafy Abdullah Morsy""]",ajsrp,./ajsrp/8322-7486.pdf,https://journals.ajsrp.com/index.php/ajsrp/en/article/download/8322/7486,https://journals.ajsrp.com/index.php/ajsrp/en/article/view/8322
العلاقات الاقتصادية بين أقصى المغرب العربي وغرب السودان خلال القرن الثامن الهجري، الرابع عشر الميلادي,"Economical relations between The Extremity Maghreb and Western Sudan during The Eighth Century AH, Fourteenth century AD","[""Assadik Ahmad Adam"", ""Mahamat Saleh Daway""]",ajsrp,./ajsrp/8324-7487.pdf,https://journals.ajsrp.com/index.php/ajsrp/en/article/download/8324/7487,https://journals.ajsrp.com/index.php/ajsrp/en/article/view/8324
الأدوار المستقبلية لمديري المدارس في ظل التوجه نحو مجتمع المعرفة,The future roles of school principals in light of the trend towards a knowledge society,"[""Rimah Mudawi Mansour""]",ajsrp,./ajsrp/7997-7271.pdf,https://journals.ajsrp.com/index.php/ajsrp/en/article/download/7997/7271,https://journals.ajsrp.com/index.php/ajsrp/en/article/view/7997
تتبع تطور وانتشار جائحة كوفيد 19 بإقليم تازة/المغرب,The tracking of the development and spread of Covid 19 pandemic in the territory of the Taza Province / Morocco,"[""Abdelouahed Bouberria"", ""Abdelhafid Hammimi"", ""Mohammed Abahrour"", ""Mohammed Errafik""]",ajsrp,./ajsrp/7999-7334.pdf,https://journals.ajsrp.com/index.php/ajsrp/en/article/download/7999/7334,https://journals.ajsrp.com/index.php/ajsrp/en/article/view/7999
أثر الحملات الإعلانية على القرار الشرائي للمستهلكين في تطبيق التوصيل دراسة ميدانية على تطبيق توصيل البقالة في المملكة العربية السعودية,The Impact of Advertising Campaigns on Consumers Purchasing Decision in Delivery Application A Field Study on Grocery Delivery App in Saudi Arabia,"[""Wasaef Ali Bakhashwain"", ""Lara Zainalabdien Serri"", ""Mohamed GadElmawla Owies""]",ajsrp,./ajsrp/8001-7338.pdf,https://journals.ajsrp.com/index.php/ajsrp/en/article/download/8001/7338,https://journals.ajsrp.com/index.php/ajsrp/en/article/view/8001
علاقة مبادئ الحوكمة بالرضا الوظيفي لدى موظفي وزارة التربية والتعليم بسلطنة عمان,"The Relation of Governance Principles with Job Satisfaction with the Employees of the Ministry of Education, Sultanate of Oman","[""Mouza Said Al-Kharusi""]",ajsrp,./ajsrp/8003-7336.pdf,https://journals.ajsrp.com/index.php/ajsrp/en/article/download/8003/7336,https://journals.ajsrp.com/index.php/ajsrp/en/article/view/8003
نشأة التيارات الفكرية الحديثة عيد العقيقة بين الحلال والحرام في شمال توغو سينكاس,The emergence of modern intellectual Currents The Aqeeqah feast between the permissible and the forbidden in northern Togo Cinkasse,"[""Ibrahim Youssif""]",ajsrp,./ajsrp/8005-7337.pdf,https://journals.ajsrp.com/index.php/ajsrp/en/article/download/8005/7337,https://journals.ajsrp.com/index.php/ajsrp/en/article/view/8005
مجال دراسة الذكاء في المؤسسات الأكاديمية دراسة تحليلية مقارنة لدراسات المخابرات الأمريكية والبريطانية,The field of intelligence study in academic institutions A comparative analytical study of American and British intelligence studies,"[""Mohamed Elzin Mohamed Ahmed Ibrahim""]",ajsrp,./ajsrp/7677-7123.pdf,https://journals.ajsrp.com/index.php/ajsrp/en/article/download/7677/7123,https://journals.ajsrp.com/index.php/ajsrp/en/article/view/7677
فاعلية منصة مدرستي وفق نموذج نيدهام البنائي في زيادة تحصيل طالبات الصف الثاني المتوسط في اختبارات TIMSS (مجال الجبر) من وجهة نظر المعلم,The effectiveness of the Madrasati platform according to the Needham constructivist model  in increasing achievement of second-year intermediate female students in the TIMSS tests  (algebra field) and the teachers point of view,"[""Mariam Farhan Alfifi"", ""Ghada Owaid Awad Al-Sahli""]",ajsrp,./ajsrp/7679-7128.pdf,https://journals.ajsrp.com/index.php/ajsrp/en/article/download/7679/7128,https://journals.ajsrp.com/index.php/ajsrp/en/article/view/7679
برامج الدعم الاجتماعي آثارها على التحاق الفتيات بالمدارس والحد من التسرب من المدرسة بشمال شرق الأطلس الأوسط  المغرب,Social support programs its effects on girls schooling and reducing dropping out of school in the northeast middle Atlas  Morocco,"[""Abdelilah El-Alami"", ""Jaouad El-Bazoui"", ""Abdelouahed Bouberria""]",ajsrp,./ajsrp/7683-7127.pdf,https://journals.ajsrp.com/index.php/ajsrp/en/article/download/7683/7127,https://journals.ajsrp.com/index.php/ajsrp/en/article/view/7683
النفوذ المتزايد للصين في الشرق الأوسط وانعكاساته على العلاقات الأمريكية,The growing influence of China in the Middle East and its implications for US relations,"[""Khaldoun Abdul Samad""]",ajsrp,./ajsrp/7685-7126.pdf,https://journals.ajsrp.com/index.php/ajsrp/en/article/download/7685/7126,https://journals.ajsrp.com/index.php/ajsrp/en/article/view/7685
إرث بلفور بريطانيا والصهيونية والطريق المثير للجدل نحو إنشاء إسرائيل,"Balfour's Legacy Britain, Zionism, and the Controversial Path to Israel's Establishment","[""Ali Mohammed Qader""]",ajsrp,./ajsrp/7687-7125.pdf,https://journals.ajsrp.com/index.php/ajsrp/en/article/download/7687/7125,https://journals.ajsrp.com/index.php/ajsrp/en/article/view/7687
أثر المواطنة التنظيمية على الأداء الوظيفي للعاملين في قطاع السيارات الخاص في المملكة العربية السعودية في ضوء رؤية 2030,The Impact of Organizational Citizenship on Job Performance of Employees in the Private Automotive Sector in Saudi Arabia in the light of 2030s vision,"[""Ahmed Farouk Ali"", ""Elsayed Eid"", ""Heba Alhadad""]",ajsrp,./ajsrp/7689-7124.pdf,https://journals.ajsrp.com/index.php/ajsrp/en/article/download/7689/7124,https://journals.ajsrp.com/index.php/ajsrp/en/article/view/7689
الانتحار أسبابه، دوافعه، طرق الوقاية والعلاج,"Suicide causes, motives, methods of prevention and treatment","[""Inaam Eid Mohammad Zaatrh"", ""Iyad Selim AbdulRazzaq Alhallaq""]",ajsrp,./ajsrp/7359-6933.pdf,https://journals.ajsrp.com/index.php/ajsrp/en/article/download/7359/6933,https://journals.ajsrp.com/index.php/ajsrp/en/article/view/7359
دور النخب الحاكمة في تفاقم التمييز العرقي والمذهبي وأثره في نشوء الحراك الاجتماعي في الموجة الثانية من الربيع العربي في السودان,"The role of the ruling elites in exacerbating ethnic, denominational discrimination and its Impact on the emergence of social movement in the second wave of the Arab Spring in Sudan","[""Farida Ezzaghari""]",ajsrp,./ajsrp/7360-6934.pdf,https://journals.ajsrp.com/index.php/ajsrp/en/article/download/7360/6934,https://journals.ajsrp.com/index.php/ajsrp/en/article/view/7360
التقييم الكمي للتآكل المائي في جنوب شرق الريف الأوسط  المغرب,The quantitative assessment of water erosion in the southeast of Central Rif  Morocco,"[""Mohamed Senhaji"", ""Mohamed Abahrour"", ""Mostafa Hmamouchi"", ""Younes Abahrour""]",ajsrp,./ajsrp/7361-6935.pdf,https://journals.ajsrp.com/index.php/ajsrp/en/article/download/7361/6935,https://journals.ajsrp.com/index.php/ajsrp/en/article/view/7361
تعميم متتابعة فيبوناتشي ومثلث باسكال ونظرية ذات الحدين,"Generalization of the Fibonacci sequence, Pascal's triangle, and the binomial theorem","[""Mohammed Elsmani Abdelrahman""]",ajsrp,./ajsrp/7362-6936.pdf,https://journals.ajsrp.com/index.php/ajsrp/en/article/download/7362/6936,https://journals.ajsrp.com/index.php/ajsrp/en/article/view/7362
الاستراتيجيات والممارسات ذات الصلة للمؤسسات الإخبارية في التعامل مع النص الإخباري الذي يتناول قضايا الإسلاميين (حالة دراسية بي بي سي العالمية والعربية 2022),Related Strategies and Practices of News Institutions in Dealing with News Text Addressing Issues of Islamists (Study Case BBC World and Al-Arabiya 2022),"[""Hind Saad Alrashid""]",ajsrp,./ajsrp/7363-6937.pdf,https://journals.ajsrp.com/index.php/ajsrp/en/article/download/7363/6937,https://journals.ajsrp.com/index.php/ajsrp/en/article/view/7363
أسباب الاختلافات الفكرية من منظور الشريعة الإسلامية، ودور الجامعات السعودية في مواجهتها,"The reasons for intellectual differences from the perspective of Islamic law, and the role of Saudi universities in confronting them","[""Sekina Mohamed Mohamed Abd El Halim"", ""Amal Abdelaziz Mohamed Ghazy""]",ajsrp,./ajsrp/7136-6728.pdf,https://journals.ajsrp.com/index.php/ajsrp/en/article/download/7136/6728,https://journals.ajsrp.com/index.php/ajsrp/en/article/view/7136
سيميائية التراث السعودي في ضوء التكنولوجيا المعاصرة,Semiotics of the Saudi heritage in the light of contemporary technology,"[""Manal Eid Sanusi Abjabal"", ""Foton Fouad Abdulkadir Fayoumi""]",ajsrp,./ajsrp/7137-6729.pdf,https://journals.ajsrp.com/index.php/ajsrp/en/article/download/7137/6729,https://journals.ajsrp.com/index.php/ajsrp/en/article/view/7137
تأثيرات جائحة كورونا على الوضع الحالي والمستقبلي لتنظيم وإقامة الفعاليات والمناسبات دراسة ميدانية على الهيئة العامة للترفيه في المملكة العربية السعودية,The effects of the Corona pandemic on the current and future situation of organizing and holding events and occasions a field study on the General Entertainment Authority in Kingdom of Saudi Arabia,"[""Rayan AbdulAziz Iraqi"", ""Shaheen Sulaiman Al-Abdali"", ""Mansour Talal Abid Alansari""]",ajsrp,./ajsrp/7138-6730.pdf,https://journals.ajsrp.com/index.php/ajsrp/en/article/download/7138/6730,https://journals.ajsrp.com/index.php/ajsrp/en/article/view/7138
التحليل المكاني لأسعار الأراضي السكنية في مدينة جدة,Spatial analysis of residential land prices in Jeddah city,"[""Shaker Abdullah Alsharif""]",ajsrp,./ajsrp/7139-6731.pdf,https://journals.ajsrp.com/index.php/ajsrp/en/article/download/7139/6731,https://journals.ajsrp.com/index.php/ajsrp/en/article/view/7139
البحث العلمي الفلسطيني من وجهة نظر طلبة الماجستير استكشاف الواقع والتطلعات,Palestinian Scientific Research from the Perspective of Master's Students Exploring Reality and Aspirations,"[""Osama Matar"", ""Reem Jawabreh"", ""Haya Radwan"", ""Abedelrahman Alhajhamad"", ""Mohammad Ayyash"", ""Sherin Kaleef"", ""Thaher Gharabeh"", ""Ashraf Abualrob"", ""Aseel Halabi"", ""Diya Abu Shomer""]",ajsrp,./ajsrp/7140-6732.pdf,https://journals.ajsrp.com/index.php/ajsrp/en/article/download/7140/6732,https://journals.ajsrp.com/index.php/ajsrp/en/article/view/7140
طريقة بيتروف جاليركين الخطية غير المستمرة لمعادلات الانتشار الكسرية للزمن,Piecewise Linear Discontinuous Petrov Galerkin Method for Time Fractional Diffusion Equations,"[""Basheer Saleh Abdallah""]",ajsrp,./ajsrp/7142-6733.pdf,https://journals.ajsrp.com/index.php/ajsrp/en/article/download/7142/6733,https://journals.ajsrp.com/index.php/ajsrp/en/article/view/7142
تحليل الخطابات السياسية حول العنصرية التي ألقاها الرئيس دونالد ترامب خلال فترة رئاسته,An analysis of political speeches on racism by president Donald Trump during his presidency,"[""Brooj Nasser Abdullah Alsaqer""]",ajsrp,./ajsrp/6845-6455.pdf,https://journals.ajsrp.com/index.php/ajsrp/en/article/download/6845/6455,https://journals.ajsrp.com/index.php/ajsrp/en/article/view/6845
واقع وتحديات بيئة عمل المهندسين الزراعيين العاملين في القطاعين الخاص وغير الحكومي في الضفة الغربية فلسطين في ضوء بعض المتغيرات,"Reality and challenges of the work environment of Agricultural Engineers working in the private and non-governmental sectors in the West Bank, Palestine considering some variables","[""Salem Khalil Nassr"", ""Doaa Zayed""]",ajsrp,./ajsrp/6843-6453.pdf,https://journals.ajsrp.com/index.php/ajsrp/en/article/download/6843/6453,https://journals.ajsrp.com/index.php/ajsrp/en/article/view/6843
محمد علي التاجر وكتابه عقد اللآل في تاريخ أول قراءة نقدية لمضمونه في تاريخ البحرين,Mohamed Ali Al-Tajer and His Book Aqd al-Laal fi Tarikh Awal A Critical reading of its content in the history of Bahrain,"[""Khalid Ismail Nayif Al-Hamadani""]",ajsrp,./ajsrp/6841-6451.pdf,https://journals.ajsrp.com/index.php/ajsrp/en/article/download/6841/6451,https://journals.ajsrp.com/index.php/ajsrp/en/article/view/6841
صور العرب والإسلام في رحلة بيرتون إلى المدينة ومكة,Images of Arabs and Islam in Burtons Pilgrimage to Al-Madinah and Meccah,"[""Abdulkarim Mohammad Alseadoon"", ""Geoffrey Nash""]",ajsrp,./ajsrp/6846-6456.pdf,https://journals.ajsrp.com/index.php/ajsrp/en/article/download/6846/6456,https://journals.ajsrp.com/index.php/ajsrp/en/article/view/6846
دوافع استخدام المواطن السوداني لليوتيوب والإشباعات المتحققة منه عينة من مواطني ولاية الخرطوم لعام 2023,The motives of the Sudanese citizen's use of YouTube and the gratifications achieved from it sample of citizens of Khartoum State for the year 2023,"[""Badereldin Ali Hamed Mohammed""]",ajsrp,./ajsrp/6844-6454.pdf,https://journals.ajsrp.com/index.php/ajsrp/en/article/download/6844/6454,https://journals.ajsrp.com/index.php/ajsrp/en/article/view/6844
النظرية المثالية في فلسفة أفلاطون وعلاقتها بالإنسان والكون,The ideal theory in Platos Philosophy and its relevance to man and the universe,"[""Nadha Mutlaq ALbogami""]",ajsrp,./ajsrp/6842-6452.pdf,https://journals.ajsrp.com/index.php/ajsrp/en/article/download/6842/6452,https://journals.ajsrp.com/index.php/ajsrp/en/article/view/6842
ترجمة الوثائق القانونية اليمنية العربية إلى الإنجليزية مشكلات ومقترحات,The Translation of Yemeni Arabic legal documents into English Problems and Suggestions,"[""Hakima Mansour Ahmed Khoshafah""]",ajsrp,./ajsrp/6847-6457.pdf,https://journals.ajsrp.com/index.php/ajsrp/en/article/download/6847/6457,https://journals.ajsrp.com/index.php/ajsrp/en/article/view/6847
مدى شرعية معاهدات السلام العربية مع كيان العدو الصهيوني في الشريعة الإسلامية والتشريعات الوضعية,The extent of the legitimacy of Arab peace treaties with the Zionist enemy entity in Islamic law and man-made legislation,"[""Hameed Aadm Ali Qushaimh""]",ajsrp,./ajsrp/6518-6166.pdf,https://journals.ajsrp.com/index.php/ajsrp/en/article/download/6518/6166,https://journals.ajsrp.com/index.php/ajsrp/en/article/view/6518
فاعلية وحدة تعليمية لتنمية مهارات الطالبات في تصميم عروض الأزياء باستخدام الواقع الافتراضي وأثرها على التسوق الإلكتروني في منطقة عسير بالمملكة العربية السعودية,"The effectiveness of an educational unit to develop students' skills in designing fashion shows using virtual reality and its impact on electronic shopping in Asir region, Saudi Arabia","[""Randa Mounir Elkherbaway"", ""Samar Ahmed Kanona"", ""Ngawha Kamel Bosiala""]",ajsrp,./ajsrp/6519-6167.pdf,https://journals.ajsrp.com/index.php/ajsrp/en/article/download/6519/6167,https://journals.ajsrp.com/index.php/ajsrp/en/article/view/6519
نقدم لكم تصميمات مبتكرة لملابس ركوب الخيل للسيدات في المملكة العربية السعودية,Introducing innovative designs for horse riding clothing for women in the Kingdom of Saudi Arabia,"[""Abrar Hashim Alattas"", ""Hana Abdullah Alamodi""]",ajsrp,./ajsrp/6520-6168.pdf,https://journals.ajsrp.com/index.php/ajsrp/en/article/download/6520/6168,https://journals.ajsrp.com/index.php/ajsrp/en/article/view/6520
من الترجمة الطبيعية إلى كفاءة الترجمة الآثار التربوية,From natural translation to translation competence Pedagogical implications,"[""Habiba Nakhli""]",ajsrp,./ajsrp/6521-6169.pdf,https://journals.ajsrp.com/index.php/ajsrp/en/article/download/6521/6169,https://journals.ajsrp.com/index.php/ajsrp/en/article/view/6521
التسويق الإلكتروني لخدمات المعلومات في مكتبات الجامعات اليمنية الخاصة بمدينة صنعاء,E-Marketing of Information Services in Yemeni Private University Libraries in Sana'a City,"[""Samar Gamal Al-Habbari""]",ajsrp,./ajsrp/6522-6170.pdf,https://journals.ajsrp.com/index.php/ajsrp/en/article/download/6522/6170,https://journals.ajsrp.com/index.php/ajsrp/en/article/view/6522
نحو نظام بيئي وطني لخلق العلماء والمعرفة السيادية,Towards a national ecosystem to create scientists and sovereign knowledge,"[""Bandar Abdullah Al-Saud"", ""Abdulhamid Abdurahman Al-Abduljabbar""]",ajsrp,./ajsrp/6191-5886.pdf,https://journals.ajsrp.com/index.php/ajsrp/en/article/download/6191/5886,https://journals.ajsrp.com/index.php/ajsrp/en/article/view/6191
مظاهر الحوار الديني بين المسلمين واليهود اليهود العلمانيون أنموذجاً,Manifestations of religious dialogue between Muslims and Jews Secular Jews as a model,"[""Maha Dahawi Al-Shamari""]",ajsrp,./ajsrp/6193-5887.pdf,https://journals.ajsrp.com/index.php/ajsrp/en/article/download/6193/5887,https://journals.ajsrp.com/index.php/ajsrp/en/article/view/6193
دراسة حول استراتيجيات الترجمة الصينية للأمثال العربية من منظور الترجمة الثقافية,A study on the Chinese translation Strategies of Arabic Proverbs  from the Perspective of Cultural Translation,"[""Yuan Linxian""]",ajsrp,./ajsrp/6194-5888.pdf,https://journals.ajsrp.com/index.php/ajsrp/en/article/download/6194/5888,https://journals.ajsrp.com/index.php/ajsrp/en/article/view/6194
تحليل عملي لأفعال الاستفهام مع الإشارة إلى النص العربي لسورة الصافات في القرآن الكريم,A pragmatic Analysis of the Interrogative Illocutionary Acts with Reference  to Arabic Text of Surah As- Saffat in the Holy Qurn,"[""Adel Ahmed Abdullah Al-Mekhlafy"", ""Abdusalam Mohammed Ghaleb Al-Ghrafy""]",ajsrp,./ajsrp/6333-6026.pdf,https://journals.ajsrp.com/index.php/ajsrp/en/article/download/6333/6026,https://journals.ajsrp.com/index.php/ajsrp/en/article/view/6333
تحليل قوة اللغة في النص السياسي,Analysing the Power of Language in a Political Text,"[""Suhair Adel Abdulamir""]",ajsrp,./ajsrp/6334-6027.pdf,https://journals.ajsrp.com/index.php/ajsrp/en/article/download/6334/6027,https://journals.ajsrp.com/index.php/ajsrp/en/article/view/6334
تطبيق تحويل اباوب- شخيم لحل التكامل الخطي الجزئي  المعادلات التفاضلية,Application of Abaoub- Shkheam Transform for Solving Linear Partial Integro  Differential Equations,"[""Suad Mawloud Zali""]",ajsrp,./ajsrp/6335-6028.pdf,https://journals.ajsrp.com/index.php/ajsrp/en/article/download/6335/6028,https://journals.ajsrp.com/index.php/ajsrp/en/article/view/6335
نموذج جرد المراجعة المستمرة متعدد المصادر الاحتمالي المقيد مع توزيعات داغوم وكوماراسوامي-داغوم,Constrained Probabilistic multi-source Continuous Review Inventory Model with Dagum and Kumaraswamy-Dagum distributions,"[""Hala Ali Fergany"", ""Amani Saeed Alghamdi"", ""Amsha Zayed Almutairi""]",ajsrp,./ajsrp/6336-6029.pdf,https://journals.ajsrp.com/index.php/ajsrp/en/article/download/6336/6029,https://journals.ajsrp.com/index.php/ajsrp/en/article/view/6336
جودة خدمة الرعاية الصيدلانية على رضا المرضى في القطاع الصحي الحكومي في المملكة العربية السعودية,Quality of pharmaceutical care service on patient satisfaction  in the government health sector in the Kingdom of Saudi Arabia,"[""Muhammad Saud Al-Khathlan"", ""Turki Abdel Aziz Al-Turki"", ""Anwar Ibrahim Al-Afnan"", ""Bandar Abdullah Al-Zoghaibi"", ""AbdulRahman Zabin Al-Mutairi"", ""Ibrahim Mohamed Bagader"", ""Raghad AbdelKarim Abdo"", ""Safia Mohammed Al-Dosari"", ""Abdullah Zabin Al-Mutairi"", ""Wafaa Daoud Al-Jareed"", ""Youssef Saleh Al-Haidan""]",ajsrp,./ajsrp/5945-5669.pdf,https://journals.ajsrp.com/index.php/ajsrp/en/article/download/5945/5669,https://journals.ajsrp.com/index.php/ajsrp/en/article/view/5945
أثر شبكات التواصل الاجتماعي في تكوين الصورة الذهنية للدول الأوروبية بريطانيا، السويد، النرويج لدى عينة من الشباب السعودي,"The effect of social networks on forming a mental image of European countries Britain, Sweden, Norway according to a sample of Saudi youth","[""Mohammed Ahmad Asiri""]",ajsrp,./ajsrp/5946-5670.pdf,https://journals.ajsrp.com/index.php/ajsrp/en/article/download/5946/5670,https://journals.ajsrp.com/index.php/ajsrp/en/article/view/5946
اللغة كجزء من ثقافة وحضارة شعوب العالم أصل الإنسان اللغة والتطور والنظريات,"Language as a part of the culture and civilization of the peoples of the world Human origin language, evolution, and theories","[""Jehad Feyzolaslam""]",ajsrp,./ajsrp/5947-5671.pdf,https://journals.ajsrp.com/index.php/ajsrp/en/article/download/5947/5671,https://journals.ajsrp.com/index.php/ajsrp/en/article/view/5947
قيام الدولة الإدريسية في المغرب الأقصى (المغرب) (172-375هـ/788-985م),The Establishment of the Idrisid State in Al-Maghrib Al-Aqsa (Morocco) (172-375 AH / 788-985 AD),"[""Amal Mohamed Toheri""]",ajsrp,./ajsrp/5948-5672.pdf,https://journals.ajsrp.com/index.php/ajsrp/en/article/download/5948/5672,https://journals.ajsrp.com/index.php/ajsrp/en/article/view/5948
موقف وليد جنبلاط من حرب الجبل 1982-1984,Walid Jumbaltt's position on AlJabel war 1982-1984,"[""Fathi Abbas Khalaf"", ""Heba Muwafak Younis AlRawas""]",ajsrp,./ajsrp/5949-5673.pdf,https://journals.ajsrp.com/index.php/ajsrp/en/article/download/5949/5673,https://journals.ajsrp.com/index.php/ajsrp/en/article/view/5949
تطور أدب الحب والعشق في ثقافة العصور الوسطى العربية الكلاسيكية,The development of love literature and Adoring in medieval culture Arabic classical,"[""Mahmoud Jamal Rayyan""]",ajsrp,./ajsrp/5950-5674.pdf,https://journals.ajsrp.com/index.php/ajsrp/en/article/download/5950/5674,https://journals.ajsrp.com/index.php/ajsrp/en/article/view/5950
ترشيد متسلسلة هار لمقاربة معادلات الدولة المتجانسة وغير المتجانسة,Rationalized Haar Series for Approach Homogeneous and Non-Homogeneous State Equations,"[""Khalid Hadi Hameed Al-Jourany""]",ajsrp,./ajsrp/5951-5676.pdf,https://journals.ajsrp.com/index.php/ajsrp/en/article/download/5951/5676,https://journals.ajsrp.com/index.php/ajsrp/en/article/view/5951
تحليل الخطاب النقدي والنصي لإعلانات منتجات التجميل,A Critical and Textual Discourse Analysis of Beauty Product Advertisements,"[""Mahasin Abdulqadir Hasan""]",ajsrp,./ajsrp/5952-5675.pdf,https://journals.ajsrp.com/index.php/ajsrp/en/article/download/5952/5675,https://journals.ajsrp.com/index.php/ajsrp/en/article/view/5952
حل الدولتين من وجهة نظر اليمين الإسرائيلي,The two-state solution from the point of view of the Israeli right,"[""Mohammed Asaad Diab Ewaiwi""]",ajsrp,./ajsrp/5692-5424.pdf,https://journals.ajsrp.com/index.php/ajsrp/en/article/download/5692/5424,https://journals.ajsrp.com/index.php/ajsrp/en/article/view/5692
فاعلية برنامج إرشادي جمعي قائم على النظرية الاختيارية في خفض مشكلات التنظيم الانفعالي لدى أمهات المراهقين في الأردن,The Effectiveness of a Group Counseling Program Based on the Elective Theory in Reducing Emotional Regulation Problems and Among Mothers of Adolescents in Jordan,"[""Manal Naji Khaleel""]",ajsrp,./ajsrp/5693-5425.pdf,https://journals.ajsrp.com/index.php/ajsrp/en/article/download/5693/5425,https://journals.ajsrp.com/index.php/ajsrp/en/article/view/5693
مقارنة نموذج ARDL ونموذج NARDL دراسة معيارية بالتطبيق على العوامل المؤثرة على معدل النمو الاقتصادي السوداني للفترة (1990-2020),Comparison of ARDL Model and NARDL Model A standard Study by application on The Factors Affecting the Rate of Sudanese Economic Growth for the period (1990-2020),"[""Imtithal Mergny Mohammed Ahmed"", ""Afra Hashim Abdelateef""]",ajsrp,./ajsrp/5694-5426.pdf,https://journals.ajsrp.com/index.php/ajsrp/en/article/download/5694/5426,https://journals.ajsrp.com/index.php/ajsrp/en/article/view/5694
بنية التصور العلمي للعالم، تقديس للمعرفة أم علمنته؟,"The structure of the scientific perception of the world, sanctification  for knowledge or secularization of it","[""Sabah Kara""]",ajsrp,./ajsrp/5695-5427.pdf,https://journals.ajsrp.com/index.php/ajsrp/en/article/download/5695/5427,https://journals.ajsrp.com/index.php/ajsrp/en/article/view/5695
لغويات المجموعة التعريف ومجالات الاستخدام,Corpus Linguistics Definition and areas of use,"[""Ali Gharamah Alshehri""]",ajsrp,./ajsrp/5696-5428.pdf,https://journals.ajsrp.com/index.php/ajsrp/en/article/download/5696/5428,https://journals.ajsrp.com/index.php/ajsrp/en/article/view/5696
علاقة ممثل الشام نقز الحسامي بالسلطان المملوكي الناصر محمد بن قلاوون (712- 740هـ/ 1312- 1339/1340م),"The relationship of the representative of the Levant, Nakz Al-  Husami, with the Mamluk Sultan Al-Nasir Muhammad bin Qalawun (712-  740 AH/ 1312-  1339/1340 AD)","[""AbdulJabbar Ahmed Al-Amlah""]",ajsrp,./ajsrp/5697-5429.pdf,https://journals.ajsrp.com/index.php/ajsrp/en/article/download/5697/5429,https://journals.ajsrp.com/index.php/ajsrp/en/article/view/5697
تدريس الرياضيات بإستراتيجية التحليل والتركيب المزدوج وأثره في تنمية مهارات الاستقصاء العلمي لدى طلاب المرحلة الثانوية في دولة الكويت,Teaching Mathematics with a Dual Analysis and Synthesis Strategy and its effect in developing Scientific Inquiry Skills among Secondary Stage Students in the State of Kuwait,"[""Mshari Matar Alshamari"", ""Abdullah Salem Alzou’bi""]",ajsrp,./ajsrp/5365-5108.pdf,https://journals.ajsrp.com/index.php/ajsrp/en/article/download/5365/5108,https://journals.ajsrp.com/index.php/ajsrp/en/article/view/5365
فقه قانون تكييف الدفاع رقم (13) لسنة 1992 في المملكة الأردنية الهاشمية,Jurisprudence Conditioning of Defense Law No (13) of 1992 in the Hashemite Kingdom of Jordan,"[""Iman Madallah Althbeitat Alamro""]",ajsrp,./ajsrp/5366-5109.pdf,https://journals.ajsrp.com/index.php/ajsrp/en/article/download/5366/5109,https://journals.ajsrp.com/index.php/ajsrp/en/article/view/5366
التكامل بين نظام المعلومات الجغرافية (GIS) والعملية التحليلية الهرمية (AHP) لاختيار موقع السدود في مستجمع مياه وادي النعمان في مدينة مكة المكرمة,Integration of Geographic Information System (GIS) and Analytical Hierarchical Process (AHP) for Dams site selection in Wadi Numan watershed in the Holy City of Mecca,"[""Oula Ali Hakeem"", ""Sarra Al-Habib Ouerghi""]",ajsrp,./ajsrp/5367-5110.pdf,https://journals.ajsrp.com/index.php/ajsrp/en/article/download/5367/5110,https://journals.ajsrp.com/index.php/ajsrp/en/article/view/5367
أثر تدريس النصوص المقروءة باستخدام نموذج ريجيلوث التفصيلي في اكتساب الأنماط اللغوية والاحتفاظ بالتعلم لدى طلاب الصف الثالث الأساسي في الأردن,The Impact of Teaching Reading Texts Using Reigiluth Elaboration Model in Linguistic Patterns Acquisition and Learning Retention among Third Basic Grade Students in Jordan,"[""Ahmed Ali Al-Abed Al-Azeez"", ""Yaseen Ali Al-Maqosi""]",ajsrp,./ajsrp/5369-5112.pdf,https://journals.ajsrp.com/index.php/ajsrp/en/article/download/5369/5112,https://journals.ajsrp.com/index.php/ajsrp/en/article/view/5369
علاقة سلطنة دار وداي بالدولة العثمانية,The Relationship of The Sultanate of Dar Ouadda with The Ottoman Empire,"[""Assadik Ahmad Adam""]",ajsrp,./ajsrp/5370-5113.pdf,https://journals.ajsrp.com/index.php/ajsrp/en/article/download/5370/5113,https://journals.ajsrp.com/index.php/ajsrp/en/article/view/5370
"تقريب الدوال في فئة Lipschitz باستخدام Muckenhoupt Weights Lip (,p,w) باستخدام عامل المصفوفة","Approximation of functions in Lipschitz class with Muckenhoupt Weights Lip (,p,w) Using Matrix Operator","[""Omar Mahmoud Nattouf"", ""Mohammad Mahmoud Amer""]",ajsrp,./ajsrp/5371-5114.pdf,https://journals.ajsrp.com/index.php/ajsrp/en/article/download/5371/5114,https://journals.ajsrp.com/index.php/ajsrp/en/article/view/5371
دراسة حول التمثيل الواحد للمركب الهاملتوني في جبر الكذب ذو الأبعاد المحدودة,A Study about One Representation of the Hamiltonian Complex finite dimensional Lie Algebra,"[""Nader Mahmoud Taffach""]",ajsrp,./ajsrp/5372-5115.pdf,https://journals.ajsrp.com/index.php/ajsrp/en/article/download/5372/5115,https://journals.ajsrp.com/index.php/ajsrp/en/article/view/5372
بناءُ التشبيه في دِرْعيَّاتِ أبي العلاءِ المَعريِّ,Building of the Simile in Dariat Abi Alaa Al Marie,"[""Haneen Shaker Al- Sharif""]",ajsrp,./ajsrp/4809-4580.pdf,https://journals.ajsrp.com/index.php/ajsrp/en/article/download/4809/4580,https://journals.ajsrp.com/index.php/ajsrp/en/article/view/4809
الخط العربي، جذورهُ التاريخية وأثرهُ الفلسفي والجمالي,Calligraphy Its historical roots and its philosophical and aesthetic impact,"[""Saad Jihad ATTIYA""]",ajsrp,./ajsrp/4810-4581.pdf,https://journals.ajsrp.com/index.php/ajsrp/en/article/download/4810/4581,https://journals.ajsrp.com/index.php/ajsrp/en/article/view/4810
التشوّهات الهولومورفيّة الإسقاطيّة اللامتناهية في الصغر لفضاءات كيلير المكافئيّة الخاصّة,The Infinitesimal Holomorphically Projective Deformations of Special Parabolically Kahlerian Spaces,"[""Namer Hasan Ebou""]",ajsrp,./ajsrp/4811-4582.pdf,https://journals.ajsrp.com/index.php/ajsrp/en/article/download/4811/4582,https://journals.ajsrp.com/index.php/ajsrp/en/article/view/4811
المثاليات الضبابية في جبور,Fuzzy Ideals of Pre A Algebras Pre A,"[""Sahar Faisal Al-haj Rabye, Haytham Arabi""]",ajsrp,./ajsrp/4812-4583.pdf,https://journals.ajsrp.com/index.php/ajsrp/en/article/download/4812/4583,https://journals.ajsrp.com/index.php/ajsrp/en/article/view/4812
التقارب شبه الأكيد لمقدّر انحدار الجوارات الـ الأكثر قرباً تحت شرط المزج,Almost Sure Convergence of The kNN Regression Estimate under Mixing condition K,"[""Dema Ahmad Al-shakh, Mohamed Deribati, Ahmad Younso""]",ajsrp,./ajsrp/4813-4584.pdf,https://journals.ajsrp.com/index.php/ajsrp/en/article/download/4813/4584,https://journals.ajsrp.com/index.php/ajsrp/en/article/view/4813
استخدام التقنيات التلفزيونية الحديثة وأثرها في زيادة متابعة مشاهدة البرامج الإخبارية في التلفزيون الأردني من وجهة نظر العاملين والفنيين العاملين في البرامج الإخبارية,The use of modern television technology and its impact on increasing viewing of news programs on Jordanian television from the perspective of employees and technicians working in the news programs,"[""Malik Rehab Al- Azza, Ezzat Moh’d Hijab""]",ajsrp,./ajsrp/4411-4344.pdf,https://journals.ajsrp.com/index.php/ajsrp/en/article/download/4411/4344,https://journals.ajsrp.com/index.php/ajsrp/en/article/view/4411
أثرُ التقابل في الرواية التجريبية دراسة أسلوبية في رواية التجليات لجمال الغيطاني,The effect of encounter in the experimental novel A stylistic study in Jamal Al Ghitanis Tajalliyat novel,"[""Bassam Khaled Al- Shawi, Zainab Walid Hayek""]",ajsrp,./ajsrp/4412-4169.pdf,https://journals.ajsrp.com/index.php/ajsrp/en/article/download/4412/4169,https://journals.ajsrp.com/index.php/ajsrp/en/article/view/4412
قراءات في الأنماط المكانية في فضاء رواية بيبي فاطمة وأبناء الملك للشيخ الدكتور سلطان بن محمد القاسمي,Readings in spatial patterns in space of Bibi Fatima and the Kings sons novel By Sheikh Dr Sultan bin Mohammed Al Qasimi,"[""Najeya Ali Rashid Alkharji""]",ajsrp,./ajsrp/4413-4170.pdf,https://journals.ajsrp.com/index.php/ajsrp/en/article/download/4413/4170,https://journals.ajsrp.com/index.php/ajsrp/en/article/view/4413
انحياز التقديرات الإحصائية للبيانات التي تحوي قيماً مفقودة دراسة حالة عدم الاستجابة,Statistical estimates bias for data with missing values Nonresponse study,"[""Hadeel Mohammad Darwish, Muhammad Mazyad Drybati, Mounzer Hasan Boubou""]",ajsrp,./ajsrp/4414-4171.pdf,https://journals.ajsrp.com/index.php/ajsrp/en/article/download/4414/4171,https://journals.ajsrp.com/index.php/ajsrp/en/article/view/4414
أمثال العرب وأثرها في الترجيح في تفسير النيسابوري غرائب القرآن ورغائب الفرقان دراسة وصفية مقارنة,Proverbs of the Arabs and their impact on preference in the interpretation of AlNisaburi A comparative descriptive study,"[""Rana M.Salah Eddin Mousa, Ali Muhammed Asa'ad""]",ajsrp,./ajsrp/4415-4172.pdf,https://journals.ajsrp.com/index.php/ajsrp/en/article/download/4415/4172,https://journals.ajsrp.com/index.php/ajsrp/en/article/view/4415
دوافعُ عزوفِ الصّحفيين الفلسطينيين عن ممارسةِ الصّحافةِ الاستقصائيّةِ دراسةٌ ميدانيّةٌ,The motives of Palestinian journalists reluctance to practice investigative journalism,"[""Omar Issa Fatafta""]",ajsrp,./ajsrp/4416-4173.pdf,https://journals.ajsrp.com/index.php/ajsrp/en/article/download/4416/4173,https://journals.ajsrp.com/index.php/ajsrp/en/article/view/4416
اجتهادات أبي علي الفارسيّ في تعليل حروف المعاني في حذفها وإضمارها وتضمينها وزيادتها كتاب الشعر أنموذجاً,Abi Ali AlFarisis jurisprudence in explaining the letters of meanings in deleting them adding them including them and increasing them The book of AlSheer as a model,"[""Hasan Morshed Al-Mohamad, Isam Derar Al-Kousa""]",ajsrp,./ajsrp/4417-4175.pdf,https://journals.ajsrp.com/index.php/ajsrp/en/article/download/4417/4175,https://journals.ajsrp.com/index.php/ajsrp/en/article/view/4417
المسكوت عنه في خطاب المذهب الرمزي,The Unspoken in the Speech of Symbolism School,"[""Basheer Thabit Mohammed, Lateef Mahmoud Mohammed Al-Ghariri""]",ajsrp,./ajsrp/4554-4307.pdf,https://journals.ajsrp.com/index.php/ajsrp/en/article/download/4554/4307,https://journals.ajsrp.com/index.php/ajsrp/en/article/view/4554
ما سكت عنه الداني في الرسم العثماني في الألفات مصحف ليبيا أنموذجا,Words that the AlDane was silent about in Ottoman painting In the Alifat,"[""Mohamed Salem Harsha""]",ajsrp,./ajsrp/4159-3919.pdf,https://journals.ajsrp.com/index.php/ajsrp/en/article/download/4159/3919,https://journals.ajsrp.com/index.php/ajsrp/en/article/view/4159
جملة الوصف بين الاسمية والفعلية واختلاف النحاة فيها,Description sentence between nominative and verbal and different grammarians in it,"[""Mohamed Bashir Harba, Zamri Arifin, Hakim Zainal""]",ajsrp,./ajsrp/4154-3920.pdf,https://journals.ajsrp.com/index.php/ajsrp/en/article/download/4154/3920,https://journals.ajsrp.com/index.php/ajsrp/en/article/view/4154
أسماء الحروف عند الخليل بن أحمد دراسة صرفية معجمية,The Names of the Letters for Al Khalil Bin Ahmad A Lexical Morphological Study,"[""Sara Hassan Saeed Alzahrani""]",ajsrp,./ajsrp/4155-3921.pdf,https://journals.ajsrp.com/index.php/ajsrp/en/article/download/4155/3921,https://journals.ajsrp.com/index.php/ajsrp/en/article/view/4155
الخمريات في ديوان ابن زيدون دراسة موضوعية فنية,Poetry of wine in Ibn Zaidouns Andalusian Diwan An objective analytical study,"[""Hamzah Abed-Alsalam Al-Khatatneh""]",ajsrp,./ajsrp/4156-3922.pdf,https://journals.ajsrp.com/index.php/ajsrp/en/article/download/4156/3922,https://journals.ajsrp.com/index.php/ajsrp/en/article/view/4156
التوافق الاجتماعي وتقدير الذات لدى المراجعين وغير المراجعين للعيادة النفسية بعد التعرض للصدمة النفسية التحرش الجنسي نموذجاً,Social adjustment and self esteem among a sample of visitors and non visitors to the psychological clinic after being exposed to psychological trauma Sexual harassment as an example,"[""Zahraa Hussain Almosawi, Ahmad Fadhel Alkout, Mohammad Abd Alali Akbar""]",ajsrp,./ajsrp/4157-3923.pdf,https://journals.ajsrp.com/index.php/ajsrp/en/article/download/4157/3923,https://journals.ajsrp.com/index.php/ajsrp/en/article/view/4157
تشكل وعي الشخصيات الروائية قراءة في رواية المسرّات والأوجاع,Formation of Consciousness of Fictional Characters Reading in the novel AlMasarrat Wal Awja Joys and Pains,"[""Kawthar Muhammed Ali Jabara""]",ajsrp,./ajsrp/4160-3924.pdf,https://journals.ajsrp.com/index.php/ajsrp/en/article/download/4160/3924,https://journals.ajsrp.com/index.php/ajsrp/en/article/view/4160
المتلازمَاتُ اللفظيةِ في مُعجمِ أبي هلالِ العسكري أسمَاء بقَايَا الأشيَاءِ على نسقِ حُروفِ المُعجمِ,The verbal correlations in the dictionary of Abu Hilal alAskari are names of the remains of things in the manner of the letters of the dictionary,"[""Alwah Hazam Muslah Aloreany""]",ajsrp,./ajsrp/3801-3596.pdf,https://journals.ajsrp.com/index.php/ajsrp/en/article/download/3801/3596,https://journals.ajsrp.com/index.php/ajsrp/en/article/view/3801
الانسجام الصوتي في قراءة زيد بن علي,Vocal Harmony in Zaid Bin Ali Reading,"[""Leena Ali Al-Jarrah, Mustafa Hasan Alqudah""]",ajsrp,./ajsrp/3802-3597.pdf,https://journals.ajsrp.com/index.php/ajsrp/en/article/download/3802/3597,https://journals.ajsrp.com/index.php/ajsrp/en/article/view/3802
أثر الإسلام في تشكيل الصور ومقاصد الشعر الأموي,The influence of Islam on forming images in the Umayyad poetry,"[""Rehab AbdUlmohsen Al- Qurashi""]",ajsrp,./ajsrp/3803-3598.pdf,https://journals.ajsrp.com/index.php/ajsrp/en/article/download/3803/3598,https://journals.ajsrp.com/index.php/ajsrp/en/article/view/3803
القيمة التعبيرية للأصوات التركيبية آيات وصف غزوة أحد نموذجا,The Expressive Value of The Segmental Phonemes The Ayahs Describing The Battle of Uhud As A Model,"[""Raweh Hamid Albar, Aisha Saleh Babssal""]",ajsrp,./ajsrp/3804-3599.pdf,https://journals.ajsrp.com/index.php/ajsrp/en/article/download/3804/3599,https://journals.ajsrp.com/index.php/ajsrp/en/article/view/3804
رُدُودُ الزَّمْلَكَاني المُتَوَفَى هـ في كِتَابِه غَاية المُحَصَّلِ في شَرْحِ المُفَصَّل على الزَّمَخْشري وابن الحاجب في قسم الأسماء عَرْضٌ ودِرَاسَةٌ,Responses of AlZamlkani Died in 651 Hijri in his book Ghayat Al muhassal fi sharh Al mofassal to AlZamakhshari and AbnAl Hajeb in the names section presentation and study 651,"[""Wadha Ahmad Mossad Al-Wargash""]",ajsrp,./ajsrp/3805-3600.pdf,https://journals.ajsrp.com/index.php/ajsrp/en/article/download/3805/3600,https://journals.ajsrp.com/index.php/ajsrp/en/article/view/3805
فرقة السّالمية وآراؤها العقائدية في الذات الإلهية في ضوء العقيدة الإسلامية,Slimyah Sect and its Doctrinal Opinions on the Divine Self in the Light of Islamic Doctrine,"[""Eisa Rabeeh Ahmad""]",ajsrp,./ajsrp/3806-3601.pdf,https://journals.ajsrp.com/index.php/ajsrp/en/article/download/3806/3601,https://journals.ajsrp.com/index.php/ajsrp/en/article/view/3806
فضاءات النقد عند الخليفتين عمر بن الخطاب رضي الله عنه وعبد الملك بن مروان دراسة في تأثير البيئة,Trends of criticism between the two caliphs Omar bin Alkhatab and Abdulmalek bin Marwan A comparative study of environment effect,"[""Awadh Ahmed Hasan""]",ajsrp,./ajsrp/3407-3250.pdf,https://journals.ajsrp.com/index.php/ajsrp/en/article/download/3407/3250,https://journals.ajsrp.com/index.php/ajsrp/en/article/view/3407
تحليل مضمون الخطاب الشعري في قصيدة بانت سعاد دراسة في ضوء استراتيجية التضامن,Analyzing the content of the poetic discourse in the poem Bant Souad A study in light of the solidarity strategy,"[""Hosam Mohammad Al-Btoosh""]",ajsrp,./ajsrp/3410-3251.pdf,https://journals.ajsrp.com/index.php/ajsrp/en/article/download/3410/3251,https://journals.ajsrp.com/index.php/ajsrp/en/article/view/3410
دور التكنولوجيا والفن المفاهيمي في إثراء عروض وتصميمات أزياء ايريس فان هاربن,Technology and Conceptual Art in Fashion Shows and Designs by Iris Van Herpen,"[""Dalal Abdullah Al-Harthy Al-Shareef""]",ajsrp,./ajsrp/3412-3252.pdf,https://journals.ajsrp.com/index.php/ajsrp/en/article/download/3412/3252,https://journals.ajsrp.com/index.php/ajsrp/en/article/view/3412
العلاقة بين التكوين اللفظي للغة والصورة الذهنية لدى المتكلم أو الكاتب,The Relationship between the Verbal Composition of a Language and the Mental Image of the Speaker or Writer,"[""Abdallah Ali Althory""]",ajsrp,./ajsrp/3413-3253.pdf,https://journals.ajsrp.com/index.php/ajsrp/en/article/download/3413/3253,https://journals.ajsrp.com/index.php/ajsrp/en/article/view/3413
عوض القوزي وقضايا المصطلح النحوي,Awad Al Qawzi and the issues of the grammatical term,"[""Ibrahem Humaidan Al- Mutairi""]",ajsrp,./ajsrp/3414-3254.pdf,https://journals.ajsrp.com/index.php/ajsrp/en/article/download/3414/3254,https://journals.ajsrp.com/index.php/ajsrp/en/article/view/3414
فاعلية أنموذج لاندا في تنمية مهارات التفكير الابتكاري واكتساب المفاهيم الفقهية لدى طالبات الصف العاشر الأساسي في الأردن,The Effectiveness of the Landa Model on the Development of Innovative Thinking Skills and the Acquisition of Jurisprudential Concepts Among the Students of the Tenth Grade in Jordan,"[""Yaseen Ali Al- Maqosi""]",ajsrp,./ajsrp/3415-3255.pdf,https://journals.ajsrp.com/index.php/ajsrp/en/article/download/3415/3255,https://journals.ajsrp.com/index.php/ajsrp/en/article/view/3415
العجائبي في قصص الأنبياء كتاب عرائس المجالس للثعلبي ت هـ أنموذجاً,The Miraculous in The Stories of Prophets 427,"[""Sherefah Ibrahim Bintaleb""]",ajsrp,./ajsrp/3416-3256.pdf,https://journals.ajsrp.com/index.php/ajsrp/en/article/download/3416/3256,https://journals.ajsrp.com/index.php/ajsrp/en/article/view/3416
فاعلية برنامج تعليمي مستند إلى تعليل الأحكام وتجسيد الأفكار في اكتساب المفاهيم الفقهية وتنمية مهارات التفكير المنطقي لدى طلاب المرحلة الثانوية في دولة الكويت,The Effectiveness of Educational Program based on Explanation of Judgments and the Embodiment of Ideas in Acquisition of Jurisprudential Concepts and Developing Logical Thinking Skills among Secondary Stage Male Students in the State of Kuwait,"[""Frahan Ibrahim Al- Shammary, Yaseen Ali Al- Maqosi""]",ajsrp,./ajsrp/3108-2941.pdf,https://journals.ajsrp.com/index.php/ajsrp/en/article/download/3108/2941,https://journals.ajsrp.com/index.php/ajsrp/en/article/view/3108
انعكاسات كورونا على الشعر العربي المعاصر قصيدة جائحة كورونا للشاعر هاشم البشير نموذجاً,Coronas Reflections on Contemporary Arabic Poetry Corona Pandemic Poem by Hashem AlBashir As a model,"[""Salih Shuaib Salih, Maha Ahmed Ismail""]",ajsrp,./ajsrp/3109-2942.pdf,https://journals.ajsrp.com/index.php/ajsrp/en/article/download/3109/2942,https://journals.ajsrp.com/index.php/ajsrp/en/article/view/3109
استخدام المرأة الأردنية للبرامج الوثائقية والإشباعات المتحققة منها قناتي الجزيرة الوثائقية وناشيونال جيوغرافيك أبو ظبي أنموذجاً,Jordanian womens use of documentary programs and the fulfilment gained from them AlJazeera Documentary Channels and National Geographic Abu Dhabi as examples,"[""Odai Ahmad Qaqish, Mohammad Hashem Al-Momani""]",ajsrp,./ajsrp/3110-3015.pdf,https://journals.ajsrp.com/index.php/ajsrp/en/article/download/3110/3015,https://journals.ajsrp.com/index.php/ajsrp/en/article/view/3110
نظرية اللسانيات النسبية والنحو العربي القديم,Relative linguistics theory and ancient Arabic grammar,"[""Ryhanah Abdullah Al-Ansary""]",ajsrp,./ajsrp/3111-2944.pdf,https://journals.ajsrp.com/index.php/ajsrp/en/article/download/3111/2944,https://journals.ajsrp.com/index.php/ajsrp/en/article/view/3111
نحو تدريس لسانيات عربية معاصرة بين التَّنظير والتطبيق,Towards Teaching Contemporary Arabic Linguistics between Theorizing and Application,"[""Sahli Djelloul, Khaldi Hicham""]",ajsrp,./ajsrp/3116-2945.pdf,https://journals.ajsrp.com/index.php/ajsrp/en/article/download/3116/2945,https://journals.ajsrp.com/index.php/ajsrp/en/article/view/3116
الكفايات ودورها في تدريس العلوم الإنسانيّة تعلّميّة التّاريخ في البلاد التّونسيّة أنموذجا,Competencies and their Role in Teaching Human Sciences The Didactics of History in Tunisia as a model,"[""Ramzi Ben Mohamed Tej""]",ajsrp,./ajsrp/3112-2946.pdf,https://journals.ajsrp.com/index.php/ajsrp/en/article/download/3112/2946,https://journals.ajsrp.com/index.php/ajsrp/en/article/view/3112
إحياء الخلافة العباسية في القاهرة في ضوء النقوش الكتابية على النقود المملوكية هـ م,Revival of the Abbasid caliphate in Cairo In light of inscriptions on Mamluk coins 659 AH 1261CE 6591261,"[""Elshahat Anwar Barakat""]",ajsrp,./ajsrp/3113-3016.pdf,https://journals.ajsrp.com/index.php/ajsrp/en/article/download/3113/3016,https://journals.ajsrp.com/index.php/ajsrp/en/article/view/3113
مدى تنفيذ المدارس الخاصة في منطقة شفا بدران بالعاصمة عمان لالتزاماتها التربوية والقانونية بتنفيذ التعليم عن بُعد في ظل كورونا,The extent to which private schools in Shafa Badran area Amman implement their educational and legal obligations to apply online education in light of Corona pandemic,"[""Omar musa mahasneh, Othman Ibrahim bnitaha""]",ajsrp,./ajsrp/3114-3017.pdf,https://journals.ajsrp.com/index.php/ajsrp/en/article/download/3114/3017,https://journals.ajsrp.com/index.php/ajsrp/en/article/view/3114
المعوقات التي تواجه تطبيق نظام الحماية من الإيذاء من وجهة نظر العاملين في إدارة الحماية الاجتماعية بمنطقة مكة المكرمة,Obstacles facing the application of the law of protection from abuse from the point of view of workers in the Social Protection Department in Makkah AlMukarramah Region,"[""Fahad Ahmad Apopakr Almalki""]",ajsrp,./ajsrp/3115-2949.pdf,https://journals.ajsrp.com/index.php/ajsrp/en/article/download/3115/2949,https://journals.ajsrp.com/index.php/ajsrp/en/article/view/3115
القاعدة الفقهية يُقبل قول المترجم مطلقا دراسة مقارنة بين الفقه الإسلامي وقانون الإجراءات المدنية والتجارية في سلطنة عمان,The Jurisprudential Maxim Translators Statement is Absolutely Accepted Between Islamic Law and Civil Procedures Law in the Sultanate of Oman And Contemporary Applications,"[""Fahad Khamis Ahmad Al-Fahdi""]",ajsrp,./ajsrp/2812-2631.pdf,https://journals.ajsrp.com/index.php/ajsrp/en/article/download/2812/2631,https://journals.ajsrp.com/index.php/ajsrp/en/article/view/2812
التماسك النصي في سورة عبس الإحالة أنموذجاً,Text coherence in Surat Abs Referral as a template,"[""Yasmine Abdullah Saad""]",ajsrp,./ajsrp/2813-2632.pdf,https://journals.ajsrp.com/index.php/ajsrp/en/article/download/2813/2632,https://journals.ajsrp.com/index.php/ajsrp/en/article/view/2813
المشتركات اللفظية في متن الشاطبية جمع ودراسة,Verbal Subscribers of Matin Al Shatibya Collection and Study,"[""Othman Rashid Majeed""]",ajsrp,./ajsrp/2814-2633.pdf,https://journals.ajsrp.com/index.php/ajsrp/en/article/download/2814/2633,https://journals.ajsrp.com/index.php/ajsrp/en/article/view/2814
وسائل التقنية الحديثة وأثرها في العبادات الطهارة الصلاة أنموذجًا دراسة فقهية,The means of modern technology and their impact on worships Purity Prayer as a model A Jurisprudential Study,"[""Emad Hamdy Abdelsamed Abdelhamed""]",ajsrp,./ajsrp/2815-2634.pdf,https://journals.ajsrp.com/index.php/ajsrp/en/article/download/2815/2634,https://journals.ajsrp.com/index.php/ajsrp/en/article/view/2815
موقف الحركات الوطنية الجزائرية من القضية الفلسطينية,The position of the Algerian national movements on the Palestinian issue 1936 1948 1936 1948,"[""Sami Mohammed Alqam""]",ajsrp,./ajsrp/2816-2635.pdf,https://journals.ajsrp.com/index.php/ajsrp/en/article/download/2816/2635,https://journals.ajsrp.com/index.php/ajsrp/en/article/view/2816
الإنسان والفكرة في الرواية الحوارية رباعية الدم والنار لعبد الملك مرتاض أنموذجاً,Human and Idea in the polyphonic novel Blood and Fires Tetralogy of Abdolmalek Mortadh as a model,"[""Mamoun Abdelouahab, Tehirichi Abdelhafid""]",ajsrp,./ajsrp/2817-2636.pdf,https://journals.ajsrp.com/index.php/ajsrp/en/article/download/2817/2636,https://journals.ajsrp.com/index.php/ajsrp/en/article/view/2817
جمالية إيقاع الصورة الشعرية في قصيدة الحادِرَة الذبياني,Aesthetic Rhythm poetic image in the poems of Alhadirah Thubiani,"[""Awwad Ahmad Aldandan""]",ajsrp,./ajsrp/2818-2637.pdf,https://journals.ajsrp.com/index.php/ajsrp/en/article/download/2818/2637,https://journals.ajsrp.com/index.php/ajsrp/en/article/view/2818
المشترك اللفظي في اللغة العربية دراسة لغوية,The Verbal Participation in Arabic Language A Linguistics Study,"[""Alaa Taref Garibeh""]",ajsrp,./ajsrp/2527-2388.pdf,https://journals.ajsrp.com/index.php/ajsrp/en/article/download/2527/2388,https://journals.ajsrp.com/index.php/ajsrp/en/article/view/2527
الحِجَاج في رسالة سهل بن هارون إلى أبناء عمومته من آل راهبون,The Argumentation in the Message of Sahl Bin Haroun to his Cousins of AL Rahboon,"[""Ahmad Abdalkareem Al- Molqi""]",ajsrp,./ajsrp/2528-2389.pdf,https://journals.ajsrp.com/index.php/ajsrp/en/article/download/2528/2389,https://journals.ajsrp.com/index.php/ajsrp/en/article/view/2528
آراء المالَقِيّ النّحويّة في كتاب مغني اللّبيب دراسة لُغويّة وصفيّة,AlMalaqi grammatical opinions in Mughni AlLabibs Book A linguistic descriptive study,"[""Ahyaf Abdel Azeze Burini""]",ajsrp,./ajsrp/2529-2390.pdf,https://journals.ajsrp.com/index.php/ajsrp/en/article/download/2529/2390,https://journals.ajsrp.com/index.php/ajsrp/en/article/view/2529
التّماسك والانسجام في قصيدة ثلاث صور للشّاعر محمود درويش,Cohesion and harmony in the poem Three Pictures by poet Mahmoud Darwish,"[""Ahmed Mohammad Albzour""]",ajsrp,./ajsrp/2530-2391.pdf,https://journals.ajsrp.com/index.php/ajsrp/en/article/download/2530/2391,https://journals.ajsrp.com/index.php/ajsrp/en/article/view/2530
الأمثال في كتاب إتحاف ذوي الاستحقاق ببعض مراد المرادي وزوائد أبي إسحاق دراسة نحوية,Proverbs in Ithaf Zawi Al istehqaq bi baad Morad Al Mouradi wa Zawaed Abi Ishaq Grammar study,"[""Sarah Abdullah Alsabih""]",ajsrp,./ajsrp/2531-2392.pdf,https://journals.ajsrp.com/index.php/ajsrp/en/article/download/2531/2392,https://journals.ajsrp.com/index.php/ajsrp/en/article/view/2531
الازدواجيّة اللّغويّة وأثرها على اللّغة العربيّة,Duality Linguistic and Its Impact on Arabic Language,"[""Tamam Hamad Almnaizl""]",ajsrp,./ajsrp/2532-2393.pdf,https://journals.ajsrp.com/index.php/ajsrp/en/article/download/2532/2393,https://journals.ajsrp.com/index.php/ajsrp/en/article/view/2532
ذاكرة تمثيل الحياة الاجتماعية في شرح الزوزني للسبع الطوال,Memory of representation of social life in the explanation of Al zouzni for the sleepless seven,"[""Mohammed Yamani Mebirik""]",ajsrp,./ajsrp/2533-2394.pdf,https://journals.ajsrp.com/index.php/ajsrp/en/article/download/2533/2394,https://journals.ajsrp.com/index.php/ajsrp/en/article/view/2533
مستوى التفكير التأملي لدى معلمات الرياضيات للصفوف الثلاثة الأولى في الأردن,The level of reflective thinking among mathematics teachers of the first three school classes in Jordan,"[""Awad Mufleh Alkhazam""]",ajsrp,./ajsrp/2534-2395.pdf,https://journals.ajsrp.com/index.php/ajsrp/en/article/download/2534/2395,https://journals.ajsrp.com/index.php/ajsrp/en/article/view/2534
أثر مشاركة المعرفة على الخدمات المقدمة من منسوبي الأمن والسلامة بشركة الاتصالات السعودية,The Impact of Knowledge Sharing on the Services Provided by of Security and Safety Employees in Saudi Telecom Company,"[""Yousef saeed alghamdi""]",ajsrp,./ajsrp/2233-2106.pdf,https://journals.ajsrp.com/index.php/ajsrp/en/article/download/2233/2106,https://journals.ajsrp.com/index.php/ajsrp/en/article/view/2233
أدوات البناء الفني في رواية حلم المسافات البعيدة لسليمان القوابعة,Technical construction tools in a novel The Dream of Long Distance by Suleiman Al Qawabba,"[""Osama Mohamed El- Shishiny""]",ajsrp,./ajsrp/2235-2108.pdf,https://journals.ajsrp.com/index.php/ajsrp/en/article/download/2235/2108,https://journals.ajsrp.com/index.php/ajsrp/en/article/view/2235
حجاج الصورة الساخرة في الخطاب السياسي,Satirical argument in political discourse,"[""Cherif rym""]",ajsrp,./ajsrp/2236-2109.pdf,https://journals.ajsrp.com/index.php/ajsrp/en/article/download/2236/2109,https://journals.ajsrp.com/index.php/ajsrp/en/article/view/2236
بوليفونيّة الفضاء المغلق في السرد السعودي المعاصر,The Polyphony of Closed Space in the Contemporary Saudi Narration,"[""Mishal Fadhi al- Moghairi""]",ajsrp,./ajsrp/2237-2110.pdf,https://journals.ajsrp.com/index.php/ajsrp/en/article/download/2237/2110,https://journals.ajsrp.com/index.php/ajsrp/en/article/view/2237
ملامح التواصليّة في النحو العربيّ,Features of communicative in Arabic grammar,"[""Sefaa Ali Al-maqabelah""]",ajsrp,./ajsrp/2238-2111.pdf,https://journals.ajsrp.com/index.php/ajsrp/en/article/download/2238/2111,https://journals.ajsrp.com/index.php/ajsrp/en/article/view/2238
مؤثر لابلاس الجزئي على زمرة هايزنبرغ وخصائصه الطيفية,The Sub Laplacian on The Heisenberg Group and Its Spectral Properties,"[""Soha Ali Salamah""]",ajsrp,./ajsrp/2239-2112.pdf,https://journals.ajsrp.com/index.php/ajsrp/en/article/download/2239/2112,https://journals.ajsrp.com/index.php/ajsrp/en/article/view/2239
اخْتِلَافُ نُسَخِ الْكِتَابِ وَأَثَرُهُ فِي فَهْمِ كَلَامِ سِيْبَوَيْه أَبُو نَصْرٍ الْقُرْطُبِيتهـ أُنْمُوذَجًا,The difference in the versions of the book and its impact on the understanding of the words of Sippoy Abu Nasr Al Qurtubi d 401 AH model 401,"[""Ghareeb Abdulrahman Abdullah Al- Adyani""]",ajsrp,./ajsrp/1992-1901.pdf,https://journals.ajsrp.com/index.php/ajsrp/en/article/download/1992/1901,https://journals.ajsrp.com/index.php/ajsrp/en/article/view/1992
الأعراف الاجتماعية في الشعر الجاهلي عنترة بن شداد أنموذجاً,Social norms in pre Islamic poetry Antara bin Shaddad as a model,"[""Huda Qism Allah Mustafa""]",ajsrp,./ajsrp/1993-1902.pdf,https://journals.ajsrp.com/index.php/ajsrp/en/article/download/1993/1902,https://journals.ajsrp.com/index.php/ajsrp/en/article/view/1993
التشكلات الدلالية للخطاب السردي في رواية زقاق المدق لنجيب محفوظ,The Semantic Structure of narrative discourse in the novel The Alley of Mudaq by Naguib Mahfouz,"[""Laila Othman Abdalla""]",ajsrp,./ajsrp/1994-1903.pdf,https://journals.ajsrp.com/index.php/ajsrp/en/article/download/1994/1903,https://journals.ajsrp.com/index.php/ajsrp/en/article/view/1994
استراتيجية صراع التأويلات في قصيدة حلم ليلة فارغة للشاعر أحمد عبد المعطي حجاز,The strategy of conflict of interpretations in the poem dream of an empty night by the poet Ahmed Abdel Moaty Hijaz,"[""Mahmoud Khalif Khudair Obaid Hayani""]",ajsrp,./ajsrp/1995-1904.pdf,https://journals.ajsrp.com/index.php/ajsrp/en/article/download/1995/1904,https://journals.ajsrp.com/index.php/ajsrp/en/article/view/1995
الانزياح الوظيفي في مواقع التواصل الاجتماعي حروف الجر والعطف أنموذجا,The functional shift in social media prepositions and conjunction as a sample,"[""NUJUD ISMAIL ALANAZI, MOHD AZIDAN ABDUL JABAR, ABDURRAUF HASSAN, ABULHALIM BIN MOHAMAD""]",ajsrp,./ajsrp/1996-1905.pdf,https://journals.ajsrp.com/index.php/ajsrp/en/article/download/1996/1905,https://journals.ajsrp.com/index.php/ajsrp/en/article/view/1996
الإحالة في مقالات مختارة من كتاب وفق التوقيت العربي للدكتور إبراهيم التركي,Reference in selected articles of Dr Ibrahim Al Turkis book Wafq al tawqt al Arab,"[""Norah Abdullah Al-Sohebani,  Amal Othman Al- Atta""]",ajsrp,./ajsrp/1997-1906.pdf,https://journals.ajsrp.com/index.php/ajsrp/en/article/download/1997/1906,https://journals.ajsrp.com/index.php/ajsrp/en/article/view/1997
تعظيم شعائر الحج تحليل معرفي تواصلي,Maximizing Rituals of Pilgrimage A Communicative Cognitive Analysis,"[""Mohammed Babiker Alawad""]",ajsrp,./ajsrp/2011-1919.pdf,https://journals.ajsrp.com/index.php/ajsrp/en/article/download/2011/1919,https://journals.ajsrp.com/index.php/ajsrp/en/article/view/2011
مُصْطَلَحَاتُ الصَّرْفِ العَمَلِي فِي كُتُبِ الصَّرْفِ دِرَاسَةٌ فِي تَدَاخُلِ مَفَاهِيمِها، وَتَنَاوُبِ الصِّيَغِ,Morphological Terms in the Textbooks of Morphology A study of their concepts Overlapping and Forms substitution,"[""Abu Haneefa Omer AlShareef Ali Omer, Entesar Mahdadi Abdallah ElSiddig""]",ajsrp,./ajsrp/1761-1685.pdf,https://journals.ajsrp.com/index.php/ajsrp/en/article/download/1761/1685,https://journals.ajsrp.com/index.php/ajsrp/en/article/view/1761
الزّمان في قواعد علم المعاني,Tense in the Principles of Semantics,"[""Deeaa Hussin Mouheb Aldeen""]",ajsrp,./ajsrp/1762-1686.pdf,https://journals.ajsrp.com/index.php/ajsrp/en/article/download/1762/1686,https://journals.ajsrp.com/index.php/ajsrp/en/article/view/1762
الخصائص اللغوية للهجة بني سفيان دراسة وصفية تحليلية,The linguistics characterstics of Bni Sofyans dialect An analytic descriptive study,"[""Afrah Mohsen Al-salmi""]",ajsrp,./ajsrp/1763-1687.pdf,https://journals.ajsrp.com/index.php/ajsrp/en/article/download/1763/1687,https://journals.ajsrp.com/index.php/ajsrp/en/article/view/1763
مفهوم الجملة بين نحوي الجملة والنص,The concept of sentence between sentence grammar and text grammar,"[""Hasan Mohammed Mfreg""]",ajsrp,./ajsrp/1764-1688.pdf,https://journals.ajsrp.com/index.php/ajsrp/en/article/download/1764/1688,https://journals.ajsrp.com/index.php/ajsrp/en/article/view/1764
الثّنائيّات الضّدّيّة الماهيّة والمصطلح,The contradictory duals The meaning and the term,"[""Khaled Abd alazaiz Hassan""]",ajsrp,./ajsrp/1765-1689.pdf,https://journals.ajsrp.com/index.php/ajsrp/en/article/download/1765/1689,https://journals.ajsrp.com/index.php/ajsrp/en/article/view/1765
آليات توليد المصطلح العربي دراسة في المعجم الموحد لمصطلحات اللّسانيات,Mechanisms of Generating the Arabic Term,"[""Najat Amhamad Hussein""]",ajsrp,./ajsrp/1766-1690.pdf,https://journals.ajsrp.com/index.php/ajsrp/en/article/download/1766/1690,https://journals.ajsrp.com/index.php/ajsrp/en/article/view/1766
